Difficulty,Difficulty Score,Time (ms),Recursive Solver Time (ms)
Beginner,4200,1.2881,0.729
Beginner,3700,0.9888,0.4833
Beginner,3800,0.7313,0.3746
Beginner,3800,0.8602,0.318
Beginner,4100,1.0876,0.6446
Beginner,4000,1.3686,0.5965
Beginner,3700,0.8173,0.2812
Beginner,4200,1.4575,0.6267
Beginner,3700,0.5871,0.2832
Beginner,3900,0.9841,0.4797
Beginner,4100,0.9339,0.43
Beginner,4000,0.8791,0.2471
Beginner,4000,1.0926,0.4772
Beginner,4100,0.8376,0.4855
Beginner,3900,1.6263,1.2988
Beginner,4400,2.4062,1.9527
Beginner,3800,1.1131,0.3171
Beginner,3700,0.9507,0.6179
Beginner,3700,1.031,0.3753
Beginner,4300,4.1822,2.8473
Beginner,4400,2.5426,0.9851
Beginner,3900,1.1299,0.3626
Beginner,4100,1.2026,0.7111
Beginner,4200,1.3398,0.5816
Beginner,3800,1.1409,0.3305
Beginner,4300,0.9298,0.401
Beginner,4100,0.7682,0.2784
Beginner,3800,0.575,0.2516
Beginner,3800,0.5127,0.1921
Beginner,3800,0.9628,0.2547
Beginner,4000,0.6782,0.3347
Beginner,3800,0.9951,0.4877
Beginner,4000,1.1617,0.4368
Beginner,4400,1.2182,0.5452
Beginner,3700,0.5994,0.2448
Beginner,3800,0.7038,0.3337
Beginner,4200,1.0056,0.3602
Beginner,3900,0.7834,0.3815
Beginner,3800,0.5697,0.2291
Beginner,3800,0.6606,0.3428
Beginner,4000,1.085,0.4105
Beginner,4400,1.1204,0.739
Beginner,4100,0.9929,0.4167
Beginner,3700,0.7064,0.2837
Beginner,3800,0.5137,0.1959
Beginner,4300,1.0129,0.4592
Beginner,4300,1.0865,0.309
Beginner,4100,0.791,0.3586
Beginner,4000,0.8276,0.3617
Beginner,4000,1.3665,1.0398
Beginner,3900,0.6616,0.2122
Beginner,3900,0.759,0.2943
Beginner,3900,0.7431,0.4193
Beginner,4200,1.121,0.5201
Beginner,3900,0.7663,0.2918
Beginner,3800,0.9307,0.3592
Beginner,3900,0.7781,0.3209
Beginner,3800,0.704,0.3163
Beginner,4400,1.172,0.6126
Beginner,4100,0.8441,0.4126
Beginner,4200,1.126,0.4496
Beginner,3900,0.9554,0.5353
Beginner,4000,0.8979,0.3508
Beginner,4100,1.0926,0.414
Beginner,4200,1.0581,0.442
Beginner,4000,0.83,0.4386
Beginner,4400,1.5836,0.8798
Beginner,4100,1.3201,0.5194
Beginner,4300,1.8192,1.0837
Beginner,4300,1.4066,0.9076
Beginner,4400,2.3397,1.654
Beginner,3900,1.0944,0.2618
Beginner,4200,1.0597,0.42
Beginner,4300,1.3307,0.8425
Beginner,3800,0.9057,0.404
Beginner,4200,1.1288,0.3615
Beginner,4400,2.1782,0.7212
Beginner,4100,1.6386,0.6038
Beginner,4200,2.1653,1.4798
Beginner,4300,1.169,0.5466
Beginner,3900,0.7255,0.3227
Beginner,4000,0.8772,0.484
Beginner,4200,1.0959,0.4879
Beginner,4200,1.0718,0.4508
Beginner,3800,0.8328,0.4163
Beginner,4200,0.9483,0.3407
Beginner,3800,0.8297,0.275
Beginner,3900,0.8834,0.4872
Beginner,4100,1.1719,0.4595
Beginner,4100,0.8678,0.4069
Beginner,3900,0.6999,0.3177
Beginner,3700,0.7608,0.3658
Beginner,4100,1.0712,0.6728
Beginner,4000,0.8043,0.3857
Beginner,3700,0.5986,0.2743
Beginner,4300,1.6023,1.1663
Beginner,4400,2.6812,0.441
Beginner,3800,0.7234,0.3369
Beginner,3900,1.0596,0.3467
Beginner,4100,0.7892,0.3856
Beginner,4400,0.8484,0.3741
Beginner,4000,1.017,0.4396
Beginner,4300,1.2912,0.3617
Beginner,4000,1.4609,0.4179
Beginner,3700,1.4619,0.6442
Beginner,3900,0.9055,0.3451
Beginner,3900,0.8527,0.4569
Beginner,4100,1.2023,0.3926
Beginner,3900,1.3785,0.6747
Beginner,4000,2.5652,1.8893
Beginner,3700,0.5854,0.231
Beginner,4300,1.1324,0.3444
Beginner,4300,3.8167,2.4585
Beginner,3800,0.9016,0.3313
Beginner,3900,0.7675,0.3602
Beginner,3700,0.8921,0.3586
Beginner,4200,1.429,0.6369
Beginner,3800,0.6869,0.362
Beginner,4100,0.8909,0.4451
Beginner,4000,1.1188,0.7058
Beginner,4300,2.0064,0.8666
Beginner,3700,0.8169,0.4482
Beginner,4200,1.3536,0.7588
Beginner,3800,7.1254,0.3826
Beginner,4100,2.9516,1.2246
Beginner,3800,2.5737,0.4819
Beginner,3800,2.0984,0.9296
Beginner,4000,1.6273,0.2847
Beginner,4200,3.2884,2.7062
Beginner,4400,2.3275,1.1687
Beginner,3800,1.1411,0.3697
Beginner,3900,0.8389,0.2958
Beginner,3800,0.6682,0.2582
Beginner,4400,2.0149,1.3534
Beginner,4400,1.3479,0.7387
Beginner,4200,1.2464,0.5717
Beginner,4300,1.4681,0.7963
Beginner,3700,0.6817,0.3044
Beginner,4000,0.9345,0.2454
Beginner,3800,1.0465,0.3975
Beginner,3800,0.9911,0.6298
Beginner,3700,0.6625,0.2873
Beginner,4300,1.2875,0.6542
Beginner,4300,2.3636,1.4119
Beginner,3800,1.3525,0.4974
Beginner,3900,0.73,0.349
Beginner,4100,0.729,0.3464
Beginner,4400,1.3396,0.8166
Beginner,3800,0.7805,0.3206
Beginner,4000,1.025,0.3461
Beginner,4300,1.9488,1.1872
Beginner,3700,1.3035,0.3502
Beginner,3800,0.6878,0.3856
Beginner,4400,2.2354,1.8463
Beginner,4000,0.8596,0.3808
Beginner,4200,1.4196,0.4432
Beginner,4200,1.5332,0.9704
Beginner,4100,1.1863,0.7812
Beginner,4000,0.8499,0.4763
Beginner,4200,1.203,0.7699
Beginner,3700,0.5571,0.2246
Beginner,3800,0.477,0.1903
Beginner,4100,1.184,0.6742
Beginner,3700,0.6178,0.2194
Beginner,4400,1.0469,0.6396
Beginner,4300,0.7506,0.3513
Beginner,3700,0.703,0.2962
Beginner,4100,2.2354,1.0562
Beginner,3800,0.9708,0.2789
Beginner,4400,1.5258,1.1214
Beginner,4000,0.6679,0.3194
Beginner,3700,0.7323,0.2005
Beginner,4300,1.0146,0.432
Beginner,3700,0.5822,0.2952
Beginner,4000,0.9733,0.4415
Beginner,3900,0.5962,0.2442
Beginner,3900,0.8182,0.2569
Beginner,4200,0.8485,0.2586
Beginner,4300,1.0944,0.5892
Beginner,4400,1.2656,0.4417
Beginner,3700,0.5527,0.2639
Beginner,4100,0.9168,0.3404
Beginner,4000,0.7441,0.2828
Beginner,4100,1.4472,0.7246
Beginner,4400,0.9815,0.5552
Beginner,4200,0.6871,0.2998
Beginner,4100,1.1801,0.5845
Beginner,3900,1.2657,0.8743
Beginner,4400,1.0966,0.4569
Beginner,4100,1.1715,0.67
Beginner,4200,1.0752,0.369
Beginner,3700,0.6219,0.2068
Beginner,4100,0.8885,0.2929
Beginner,4400,3.9366,2.3723
Beginner,4400,2.2456,1.6236
Beginner,3800,1.5677,1.2187
Beginner,4300,1.2668,0.4675
Beginner,3800,0.889,0.3265
Beginner,3900,0.7838,0.2714
Beginner,4300,1.1631,0.7831
Beginner,4300,0.7525,0.3575
Beginner,4100,0.6621,0.3056
Beginner,3900,0.6478,0.3179
Beginner,3700,0.7134,0.25
Beginner,4200,0.8304,0.3108
Beginner,3700,0.6298,0.1886
Beginner,4000,0.7484,0.2796
Beginner,3900,0.6599,0.3169
Beginner,3700,0.5345,0.237
Beginner,4200,0.7161,0.3713
Beginner,4300,1.5695,0.6345
Beginner,3800,1.108,0.579
Beginner,3800,0.6576,0.2905
Beginner,3900,1.0717,0.4201
Beginner,4100,2.1923,1.3252
Beginner,3800,0.7598,0.241
Beginner,3800,0.6573,0.3693
Beginner,4400,1.2342,0.5465
Beginner,3700,0.6971,0.4175
Beginner,3800,0.6217,0.3278
Beginner,3800,0.6772,0.2442
Beginner,4000,0.6311,0.3183
Beginner,3900,0.8695,0.3894
Beginner,4000,1.1694,0.5968
Beginner,4200,1.1632,0.7853
Beginner,4200,0.7632,0.3932
Beginner,4100,1.7049,0.9471
Beginner,4000,0.7971,0.3284
Beginner,4200,0.9983,0.3648
Beginner,4300,1.4176,0.6314
Beginner,3800,0.67,0.2402
Beginner,3900,0.9342,0.374
Beginner,4100,1.0198,0.6535
Beginner,4100,0.7731,0.2849
Beginner,3800,0.8424,0.38
Beginner,3900,0.7868,0.4622
Beginner,4100,1.3026,0.5072
Beginner,4200,0.9571,0.4595
Beginner,4200,0.8549,0.2471
Beginner,3800,0.5651,0.2572
Beginner,3800,0.6031,0.2911
Beginner,4200,0.8966,0.5222
Beginner,3800,0.5209,0.2156
Beginner,4200,1.1095,0.3445
Beginner,4100,1.162,0.3262
Beginner,4100,0.8913,0.4698
Beginner,3800,0.9169,0.6076
Beginner,3800,0.9317,0.3437
Beginner,3700,0.6584,0.3674
Beginner,3700,0.5495,0.2583
Beginner,4000,0.5628,0.2209
Beginner,4300,1.288,0.5874
Beginner,4300,0.8201,0.3979
Beginner,4000,1.1695,0.6944
Beginner,4200,1.0799,0.4225
Beginner,4100,0.819,0.3407
Beginner,3800,0.5908,0.2641
Beginner,4000,0.8281,0.3148
Beginner,3700,0.7552,0.3527
Beginner,4100,1.0537,0.3941
Beginner,4000,0.7697,0.3133
Beginner,4300,1.0336,0.383
Beginner,4100,0.9253,0.4326
Beginner,3800,0.7157,0.2806
Beginner,4300,0.9678,0.4952
Beginner,4400,1.6879,0.9129
Beginner,4400,1.9713,1.1502
Beginner,3800,1.0176,0.2732
Beginner,3700,0.6068,0.2432
Beginner,4100,0.9209,0.3467
Beginner,3800,0.6189,0.3301
Beginner,3800,0.6444,0.3125
Beginner,4300,0.8926,0.4918
Beginner,3800,1.646,1.0527
Beginner,4300,1.1509,0.4069
Beginner,4400,1.6875,0.4726
Beginner,4000,1.1391,0.4051
Beginner,4400,1.163,0.7498
Beginner,3800,0.6641,0.3057
Beginner,3900,0.7287,0.3584
Beginner,3900,0.6169,0.2917
Beginner,4400,1.3923,0.4456
Beginner,4300,0.9941,0.256
Beginner,3800,0.8024,0.4073
Beginner,3900,0.7031,0.3763
Beginner,3800,0.7308,0.407
Beginner,4000,1.1422,0.4547
Beginner,3700,0.6139,0.3091
Beginner,3800,0.7792,0.2827
Beginner,4300,1.1013,0.5622
Beginner,3800,0.5257,0.199
Beginner,4000,1.3231,0.6163
Beginner,4200,1.4629,0.4553
Beginner,4400,1.1272,0.7016
Beginner,4300,1.2376,0.8381
Beginner,4000,0.5824,0.2241
Beginner,4200,0.9493,0.4303
Beginner,4400,10.8235,5.7356
Beginner,3700,0.6597,0.2253
Beginner,4100,0.755,0.3751
Beginner,4300,1.4452,0.4717
Beginner,4400,1.1397,0.6574
Beginner,3800,0.8176,0.2571
Beginner,4000,0.8829,0.397
Beginner,4300,1.1126,0.4414
Beginner,4200,1.5095,0.5296
Beginner,4300,0.9269,0.4042
Beginner,4400,2.0418,0.9114
Beginner,4200,0.8536,0.4281
Beginner,4100,1.0809,0.43
Beginner,3700,0.612,0.3254
Beginner,4300,0.7339,0.3656
Beginner,4100,1.1045,0.3676
Beginner,4300,1.0528,0.4979
Beginner,4300,1.25,0.8671
Beginner,4400,0.7748,0.3549
Beginner,3800,0.6563,0.2253
Beginner,3800,0.5674,0.2615
Beginner,4000,0.6439,0.306
Beginner,3700,0.6925,0.2489
Beginner,3800,0.7057,0.3774
Beginner,4300,1.2955,0.7831
Beginner,3700,0.6294,0.2173
Beginner,4300,1.2438,0.5736
Beginner,3900,0.9061,0.4252
Beginner,4100,0.7155,0.2456
Beginner,3800,0.8139,0.3517
Beginner,4200,1.2487,0.7694
Beginner,4300,0.6996,0.2856
Beginner,3800,0.996,0.333
Beginner,3700,0.5845,0.2476
Beginner,4100,0.8175,0.4488
Beginner,4300,0.8057,0.3978
Beginner,4400,1.383,0.6968
Beginner,4100,0.708,0.3539
Beginner,3800,0.6971,0.2639
Beginner,4000,0.7753,0.3093
Beginner,4000,1.1783,0.8292
Beginner,4000,0.6889,0.3463
Beginner,4000,1.0287,0.433
Beginner,4300,1.374,0.4754
Beginner,4200,0.8608,0.3668
Beginner,3900,0.7861,0.246
Beginner,3800,0.6068,0.3028
Beginner,4000,1.2041,0.4716
Beginner,3900,0.7811,0.309
Beginner,4100,0.8018,0.2909
Beginner,3800,0.8292,0.3698
Beginner,4200,1.4239,0.4077
Beginner,4400,1.2063,0.394
Beginner,4300,1.7103,0.6365
Beginner,4200,0.8547,0.3746
Beginner,3800,0.6833,0.2627
Beginner,3900,0.7356,0.2449
Beginner,4200,1.1033,0.4671
Beginner,4200,1.0699,0.4323
Beginner,3900,0.7467,0.2842
Beginner,4100,1.1074,0.7603
Beginner,3700,0.9702,0.2735
Beginner,4100,0.7097,0.3542
Beginner,4100,3.1264,1.4
Beginner,3800,0.8062,0.2904
Beginner,3800,0.7955,0.4398
Beginner,3800,0.9531,0.3866
Beginner,4300,0.8194,0.3551
Beginner,4200,1.3346,0.6687
Beginner,3700,0.5192,0.22
Beginner,4300,2.8544,0.6596
Beginner,3800,0.9687,0.3008
Beginner,4000,1.0064,0.2961
Beginner,3800,0.981,0.6201
Beginner,3700,0.7989,0.3743
Beginner,3900,0.8022,0.2577
Beginner,4200,0.8424,0.4164
Beginner,4100,1.2281,0.6129
Beginner,3900,0.6438,0.2812
Beginner,4300,0.8156,0.4268
Beginner,4200,3.2402,2.6541
Beginner,4000,0.5983,0.2497
Beginner,4000,0.9649,0.287
Beginner,4300,0.6977,0.303
Beginner,3900,1.2672,0.2778
Beginner,3700,0.5615,0.2508
Beginner,3900,0.9123,0.4496
Beginner,4200,1.1639,0.793
Beginner,4100,0.7998,0.431
Beginner,4400,1.1386,0.424
Beginner,4100,0.9114,0.4884
Beginner,3700,0.6404,0.2936
Beginner,3800,0.7594,0.2481
Beginner,4300,2.5157,0.8757
Beginner,4100,0.7232,0.3318
Beginner,4300,1.3514,0.5771
Beginner,4000,0.7607,0.3469
Beginner,4300,1.7623,1.1326
Beginner,4400,1.7906,0.5897
Beginner,4100,2.1781,1.2038
Beginner,4300,1.4006,0.877
Beginner,4200,0.7061,0.336
Beginner,4200,1.2615,0.6438
Beginner,3700,0.6665,0.2284
Beginner,4400,2.3879,1.7569
Beginner,3900,1.1172,0.4741
Beginner,3800,0.859,0.2933
Beginner,4300,1.5534,0.8134
Beginner,3700,0.6308,0.3035
Beginner,4200,1.5241,0.5689
Beginner,3800,0.5295,0.2257
Beginner,4300,1.3301,0.9043
Beginner,4000,0.9775,0.2968
Beginner,4300,1.0604,0.3046
Beginner,3800,0.862,0.51
Beginner,4100,1.026,0.6141
Beginner,4200,2.0572,0.7566
Beginner,3800,0.6679,0.2805
Beginner,3900,1.9053,1.0671
Beginner,4100,1.0046,0.5091
Beginner,4100,0.9607,0.3333
Beginner,3900,0.7583,0.2632
Beginner,4000,1.4601,0.8273
Beginner,4200,0.659,0.2949
Beginner,3700,0.5354,0.2192
Beginner,4300,1.2436,0.548
Beginner,4100,0.9889,0.371
Beginner,3900,0.636,0.2551
Beginner,4100,0.8241,0.3953
Beginner,4400,1.1769,0.5603
Beginner,4300,1.4518,0.9585
Beginner,4000,0.718,0.3609
Beginner,4000,1.9919,1.2472
Beginner,4300,1.1818,0.5169
Beginner,4200,0.9683,0.4232
Beginner,3800,0.9308,0.3526
Beginner,4000,1.5378,0.7857
Beginner,4100,1.0766,0.4995
Beginner,3800,0.9679,0.6214
Beginner,4100,0.7399,0.3167
Beginner,4300,1.1465,0.5415
Beginner,4400,0.8963,0.4227
Beginner,3900,0.665,0.3192
Beginner,4100,1.0281,0.6365
Beginner,4200,1.1381,0.7857
Beginner,4100,1.3072,0.7807
Beginner,3900,1.0985,0.7578
Beginner,3700,0.5472,0.2174
Beginner,4200,1.1603,0.6219
Beginner,4100,0.9682,0.3256
Beginner,4100,1.2128,0.4248
Beginner,3800,1.0996,0.5806
Beginner,4200,5.3241,3.0025
Beginner,4300,1.1132,0.6395
Beginner,4100,0.6901,0.2672
Beginner,4000,0.8279,0.2864
Beginner,3700,0.8592,0.2506
Beginner,4000,1.2084,0.8203
Beginner,4100,1.2807,0.8384
Beginner,4000,0.8026,0.4496
Beginner,4300,1.0982,0.3206
Beginner,3900,1.3031,0.6246
Beginner,4300,1.0344,0.3919
Beginner,4200,0.8404,0.464
Beginner,4100,1.031,0.398
Beginner,4000,0.688,0.2801
Beginner,4100,0.9799,0.5954
Beginner,3800,0.7974,0.2987
Beginner,4300,1.4705,0.7223
Beginner,3800,0.992,0.5995
Beginner,3700,0.6066,0.2052
Beginner,4100,1.9626,0.7308
Beginner,4000,0.864,0.3362
Beginner,3900,0.9067,0.2784
Beginner,4100,0.8897,0.2875
Beginner,3900,0.6473,0.3087
Beginner,4400,1.8671,1.151
Beginner,3700,0.6359,0.1967
Beginner,4400,1.3859,0.4296
Beginner,3900,0.6743,0.2764
Beginner,4000,0.69,0.3283
Beginner,4400,1.0659,0.4093
Beginner,3900,0.6688,0.3343
Beginner,4100,1.0099,0.3416
Beginner,4200,1.0394,0.2778
Beginner,4400,1.6379,0.7689
Beginner,4400,0.9637,0.5323
Beginner,4000,1.4342,0.92
Beginner,4300,1.3571,0.7936
Beginner,3700,0.7345,0.2622
Beginner,4400,3.5152,2.8953
Beginner,3800,1.0465,0.4059
Beginner,3700,0.8126,0.2652
Beginner,4300,0.9965,0.4997
Beginner,4400,1.7589,0.6025
Beginner,3900,0.587,0.2624
Beginner,3900,0.7907,0.3265
Beginner,3700,0.4885,0.1986
Beginner,4100,1.0168,0.3921
Beginner,4400,1.7329,0.7927
Beginner,4300,1.0862,0.7065
Beginner,3900,1.0259,0.5269
Beginner,4000,0.9779,0.6041
Easy,4700,4.0531,2.9934
Easy,4700,2.2075,1.3229
Easy,4900,7.465,4.6523
Easy,5000,7.8219,4.4538
Easy,5300,7.5824,5.4706
Easy,5400,15.4308,8.9304
Easy,4500,1.3565,0.7466
Easy,5200,129.239,125.9448
Easy,4500,1.7175,1.1406
Easy,4500,2.8017,1.2613
Easy,4800,2.4287,1.2824
Easy,5300,6.1476,2.5705
Easy,5450,36.3381,33.7822
Easy,5100,10.9837,9.0164
Easy,5000,7.871,6.7605
Easy,4500,1.3278,0.7934
Easy,5100,4.9189,2.086
Easy,5400,35.5223,20.0879
Easy,4800,3.9678,1.3182
Easy,5400,38.3967,35.0195
Easy,5100,8.8877,6.9108
Easy,4600,1.8033,1.2612
Easy,5100,4.535,0.8355
Easy,5400,19.1467,12.0305
Easy,5400,97.0939,91.9758
Easy,4500,2.2629,0.8537
Easy,4900,4.3933,1.9519
Easy,4700,3.3445,2.0235
Easy,4700,1.5444,0.9893
Easy,5300,4.0978,0.9902
Easy,4700,1.3772,0.4776
Easy,5200,23.477,18.2183
Easy,5200,7.4643,4.9246
Easy,5000,5.1153,2.6693
Easy,5300,43.88,39.3769
Easy,5000,9.5012,7.2829
Easy,5200,6.4703,1.7827
Easy,4700,2.7255,0.656
Easy,4800,2.9747,1.7856
Easy,5100,2.7927,1.8633
Easy,4600,2.7959,2.2665
Easy,5400,19.9115,5.7843
Easy,4500,2.6831,1.1265
Easy,4800,5.4256,1.8669
Easy,5300,17.1391,9.91
Easy,4500,2.7584,1.3342
Easy,5400,31.6631,26.5427
Easy,5100,9.5743,7.2251
Easy,5100,5.5456,3.91
Easy,5100,3.699,0.9923
Easy,5300,5.561,2.3856
Easy,4500,3.2979,2.8726
Easy,5300,12.4053,10.3601
Easy,5300,3.8517,1.8103
Easy,4400,0.8936,0.3346
Easy,4500,2.0816,1.1898
Easy,5300,27.824,23.6204
Easy,4700,5.8632,1.0633
Easy,4400,1.07,0.4749
Easy,4800,1.3426,0.5037
Easy,4400,1.6363,0.8778
Easy,4900,8.2934,5.9319
Easy,5300,29.9446,26.9847
Easy,5000,13.1976,12.5041
Easy,5000,1.6301,0.9225
Easy,5100,12.3853,4.5514
Easy,5400,17.9546,10.602
Easy,5400,25.3915,12.2661
Easy,5100,57.8702,56.7321
Easy,4700,3.1472,2.0848
Easy,5300,65.9815,57.8585
Easy,4600,1.7927,0.6724
Easy,5400,10.9561,5.3047
Easy,4900,3.6051,1.6028
Easy,4700,2.3027,1.7411
Easy,4800,3.4335,1.1957
Easy,5100,3.5256,1.8383
Easy,4400,2.5565,1.1668
Easy,4800,3.3357,1.6238
Easy,4400,1.381,0.599
Easy,4800,4.2623,2.4173
Easy,4400,1.1855,0.5745
Easy,4600,1.2219,0.5407
Easy,5100,5.3894,3.599
Easy,5000,2.8649,0.9281
Easy,5400,17.924,11.1589
Easy,5200,3.1949,1.6981
Easy,4800,9.3037,5.6155
Easy,5100,3.3334,2.0639
Easy,5300,20.5084,17.0038
Easy,5200,17.1931,15.0602
Easy,5000,6.8861,5.5205
Easy,5400,28.8633,23.5921
Easy,4800,1.5938,0.7821
Easy,4700,2.3226,1.1995
Easy,4700,1.3811,0.4555
Easy,5200,4.4314,2.9993
Easy,4500,2.485,0.9639
Easy,4600,1.5208,0.5902
Easy,5100,3.7952,2.5284
Easy,4900,6.2645,3.9026
Easy,4400,1.636,0.5073
Easy,5000,8.5652,6.7225
Easy,4800,2.2381,1.1687
Easy,5300,14.2277,8.9486
Easy,5100,4.7539,1.847
Easy,4900,3.6916,2.5058
Easy,4600,1.2146,0.7014
Easy,4500,2.6564,1.222
Easy,5000,4.3892,1.4541
Easy,5400,21.6313,13.798
Easy,5000,4.166,2.8227
Easy,5000,6.5598,4.038
Easy,4700,4.8498,3.6701
Easy,5200,14.8755,10.1871
Easy,4600,1.7333,0.6865
Easy,5100,65.4734,61.2984
Easy,4500,2.9201,1.8026
Easy,4400,0.9154,0.5196
Easy,4400,1.0243,0.3095
Easy,4700,1.4084,0.7995
Easy,4900,2.7175,1.1238
Easy,4900,4.1812,2.2874
Easy,5100,7.9159,2.4128
Easy,4600,1.5181,0.6391
Easy,5100,3.3054,1.1522
Easy,5400,15.5624,9.8879
Easy,5100,6.1765,4.8469
Easy,4400,2.6105,1.9909
Easy,5100,15.0585,10.4008
Easy,4600,1.1733,0.5271
Easy,4400,1.2323,0.5556
Easy,4800,4.1519,3.1649
Easy,5200,8.802,5.399
Easy,4400,1.2013,0.5388
Easy,5100,4.7327,1.5328
Easy,4700,2.0577,0.5617
Easy,5100,2.8703,1.9934
Easy,4700,2.4488,0.9646
Easy,4400,0.8256,0.3626
Easy,4900,2.7682,1.917
Easy,4600,1.8053,1.2338
Easy,5200,34.7192,32.8741
Easy,5100,11.5221,8.7921
Easy,4600,4.4627,3.0445
Easy,5100,7.0762,2.6461
Easy,5100,7.6459,5.8352
Easy,5300,4.0575,2.1184
Easy,4900,2.5144,1.1853
Easy,5400,8.9013,2.4939
Easy,5400,16.2684,4.967
Easy,4400,1.597,0.6947
Easy,5300,9.3529,5.1117
Easy,4500,1.3337,0.8002
Easy,4900,4.3168,2.2805
Easy,4500,1.21,0.55
Easy,4500,1.3778,0.4872
Easy,4500,1.5671,0.6533
Easy,5000,7.2059,2.1945
Easy,4900,1.492,0.7003
Easy,4500,1.2525,0.7018
Easy,5000,5.3817,3.4132
Easy,4900,11.31,6.7677
Easy,5300,7.354,3.4481
Easy,4400,1.5639,0.6752
Easy,4800,6.0547,3.9994
Easy,5000,4.555,3.0817
Easy,5300,41.2964,38.8853
Easy,5300,83.4893,71.6732
Easy,5100,234.9393,223.8117
Easy,5300,30.5086,26.8567
Easy,4700,14.366,13.7962
Easy,5300,67.0612,62.8833
Easy,4500,1.6261,0.7801
Easy,5300,31.9592,29.0773
Easy,5300,25.0648,16.0342
Easy,4900,2.7909,1.8964
Easy,4900,13.3609,9.9508
Easy,5200,12.9008,6.3885
Easy,5000,9.0799,6.7586
Easy,5300,14.9507,9.8606
Easy,5300,5.2736,1.255
Easy,4900,6.2753,3.935
Easy,4600,1.8207,1.0572
Easy,4400,0.911,0.3606
Easy,4900,8.4607,7.2825
Easy,4600,2.1109,1.535
Easy,4900,2.4094,1.0207
Easy,4600,2.7695,1.0013
Easy,5400,14.1673,9.3704
Easy,4800,2.4441,1.9804
Easy,4800,1.8507,0.9087
Easy,5000,3.6088,2.3633
Easy,5200,61.9792,54.7608
Easy,4700,9.337,7.9321
Easy,4800,2.1647,0.9268
Easy,4900,6.5085,4.8186
Easy,5100,4.79,2.5853
Easy,5000,2.3804,1.3689
Easy,5100,14.8123,6.3891
Easy,5000,6.1807,1.1751
Easy,5300,24.8566,22.4177
Easy,5400,10.5177,6.9635
Easy,5300,6.7319,4.7283
Easy,5200,6.1005,5.2223
Easy,4500,1.3741,0.3605
Easy,5100,6.0533,3.8223
Easy,4600,2.4541,1.6475
Easy,4500,1.6972,0.6094
Easy,5300,2.5794,1.5964
Easy,5100,3.7888,2.6111
Easy,4500,1.5079,0.6004
Easy,4500,4.8542,3.8926
Easy,4400,3.0424,1.7547
Easy,4400,1.0096,0.4245
Easy,4600,1.212,0.401
Easy,5300,5.604,3.5762
Easy,4600,1.8954,0.4488
Easy,4600,3.3668,1.8576
Easy,5000,1.185,0.6885
Easy,5100,5.6824,3.9281
Easy,4600,3.8457,2.7069
Easy,4600,7.6315,3.3944
Easy,4800,3.4541,2.4691
Easy,5450,5.6262,3.7185
Easy,4600,6.2566,5.0253
Easy,4600,1.5782,0.8579
Easy,4500,1.1794,0.4623
Easy,4600,2.4786,0.9173
Easy,5300,6.7961,5.4248
Easy,4800,4.0623,1.8694
Easy,4900,2.0309,0.9541
Easy,4700,3.1821,0.9045
Easy,5000,5.6157,3.76
Easy,4500,1.3092,0.4749
Easy,4900,4.3818,1.5466
Easy,4800,2.5137,1.7746
Easy,4500,3.3849,2.7583
Easy,4900,3.4092,1.4583
Easy,5200,10.6635,8.5066
Easy,4900,11.9179,9.6858
Easy,4800,10.064,9.0975
Easy,4500,2.1869,1.7176
Easy,4700,3.0231,1.8071
Easy,4700,6.5322,3.5109
Easy,5100,2.1171,1.0195
Easy,4600,0.9902,0.3865
Easy,5000,8.8049,2.7429
Easy,4500,1.5181,0.8915
Easy,4900,4.0563,1.58
Easy,5200,46.6702,42.8543
Easy,4700,2.4315,1.3088
Easy,4400,1.8836,0.6901
Easy,4900,16.8692,15.8734
Easy,4700,2.291,1.3242
Easy,5000,2.9307,1.7423
Easy,4700,6.3142,2.6886
Easy,4300,0.7445,0.318
Easy,5300,18.1538,13.8018
Easy,5000,10.5205,7.8867
Easy,5200,5.9067,3.1397
Easy,4800,2.8332,1.8363
Easy,4900,2.2451,0.6856
Easy,5200,3.5644,2.4452
Easy,5250,2.2661,1.0067
Easy,5000,2.4118,1.1987
Easy,4700,2.0053,0.7095
Easy,4900,13.8703,10.8543
Easy,5200,5.6136,3.4139
Easy,5400,20.1284,14.2368
Easy,4400,1.2654,0.5405
Easy,4500,1.0613,0.5224
Easy,5200,41.4357,31.2393
Easy,4900,11.7577,10.0161
Easy,4900,2.6841,1.3975
Easy,4900,2.4108,1.1176
Easy,5300,4.8495,1.6816
Easy,4400,2.7347,1.5621
Easy,4400,1.1165,0.631
Easy,5400,14.5059,11.7411
Easy,5200,15.4156,12.7669
Easy,4600,8.3329,6.3809
Easy,4800,13.9728,10.0901
Easy,4900,1.9889,1.0585
Easy,4800,10.2516,6.3414
Easy,5000,3.6814,3.0014
Easy,4400,1.194,0.7719
Easy,4700,1.9893,0.9068
Easy,4500,1.6021,0.6078
Easy,5400,48.4651,43.5881
Easy,5000,3.8764,1.8976
Easy,4500,3.0468,2.3782
Easy,4500,1.3303,0.8718
Easy,5300,43.0955,36.7749
Easy,5200,22.971,16.2098
Easy,4500,1.6459,1.0136
Easy,4400,1.6543,1.2441
Easy,4600,2.2751,0.7445
Easy,5000,3.5675,1.2634
Easy,5300,10.7278,6.0164
Easy,5200,8.8604,1.6088
Easy,4700,9.4402,1.6623
Easy,4800,3.8961,2.7655
Easy,4700,3.067,2.3272
Easy,5350,5.0955,3.8457
Easy,5000,3.02,1.0466
Easy,4700,4.0247,2.8948
Easy,4900,7.1587,5.3998
Easy,4500,1.8379,1.3088
Easy,4600,9.9743,4.9086
Easy,5100,6.5947,3.9573
Easy,5100,17.936,14.3055
Easy,4900,3.5249,1.6131
Easy,4800,1.581,0.9998
Easy,5000,6.7169,4.713
Easy,5300,11.3794,5.0879
Easy,4500,1.7497,1.0214
Easy,4900,3.2919,1.8499
Easy,5200,291.7197,288.1315
Easy,4400,1.3028,0.5883
Easy,4600,1.8128,1.2036
Easy,4600,1.3147,0.5304
Easy,4400,2.4898,1.6619
Easy,4600,2.1983,0.5718
Easy,4800,2.955,1.0273
Easy,5300,35.4656,25.5107
Easy,5100,9.0677,5.6861
Easy,5200,4.6511,2.3025
Easy,5300,40.7062,18.2903
Easy,4500,3.7751,3.1238
Easy,4400,1.0517,0.5916
Easy,4600,1.762,0.728
Easy,5000,4.9163,3.938
Easy,4400,1.0272,0.3532
Easy,5000,2.3887,1.3166
Easy,5100,2.0404,1.5032
Easy,4400,1.5978,0.6138
Easy,4900,7.1,4.6305
Easy,5000,51.6424,45.597
Easy,5100,12.1646,7.0142
Easy,5100,4.1823,1.3871
Easy,5400,12.3818,5.363
Easy,4400,1.4974,0.4924
Easy,4900,13.2379,11.4404
Easy,5200,7.9282,5.0836
Easy,4700,2.57,0.9891
Easy,4600,8.6406,7.2702
Easy,5000,7.3291,3.7603
Easy,5100,11.9067,2.4241
Easy,5200,26.1074,15.1881
Easy,4900,8.3016,7.2573
Easy,5200,3.8235,1.7166
Easy,4600,3.2602,1.8774
Easy,5200,19.9928,17.0246
Easy,5100,2.9885,1.58
Easy,5100,4.146,1.4952
Easy,5200,10.1207,7.642
Easy,5300,34.4506,31.5226
Easy,5200,9.5652,7.4739
Easy,5200,7.8947,3.9685
Easy,5300,13.9323,9.0038
Easy,4400,1.3769,0.8726
Easy,5100,5.8237,3.5477
Easy,5000,30.5949,27.3631
Easy,4500,1.1505,0.5181
Easy,5100,3.9699,1.0444
Easy,5200,26.1095,23.5324
Easy,4900,1.241,0.7175
Easy,4400,1.3439,0.5529
Easy,4500,2.6582,1.8489
Easy,4800,2.6062,1.4906
Easy,4400,1.535,0.7193
Easy,4800,2.4926,1.9596
Easy,5400,12.5698,6.1211
Easy,4700,3.7419,2.8126
Easy,4500,0.9145,0.4494
Easy,4400,1.0731,0.3568
Easy,5200,11.7819,10.5194
Easy,4700,1.2243,0.6971
Easy,5000,4.3596,1.4981
Easy,4600,3.0476,1.3875
Easy,5400,18.0011,6.8524
Easy,4700,2.5736,0.4674
Easy,5400,23.2098,7.9454
Easy,5300,17.1922,9.3321
Easy,5300,18.8566,14.5528
Easy,4600,2.0306,1.0612
Easy,5200,3.5307,2.3378
Easy,5400,41.3641,35.6984
Easy,5000,4.1621,3.2092
Easy,5200,13.4137,11.4371
Easy,5400,29.5544,23.9113
Easy,5200,4.6257,1.9732
Easy,4900,7.4621,4.0014
Easy,4700,2.2955,0.9052
Easy,5100,7.0143,5.2978
Easy,5300,24.8465,19.6502
Easy,5000,3.2083,1.4378
Easy,5000,9.3541,6.8784
Easy,4900,2.2523,1.3505
Easy,5000,4.2487,0.8817
Easy,4700,11.1224,10.1736
Easy,4400,1.3035,0.3958
Easy,5300,10.3139,5.6235
Easy,4500,1.498,0.6171
Easy,4900,4.7425,1.8664
Easy,4700,2.2573,1.3231
Easy,5200,8.0399,6.1116
Easy,4400,1.4164,0.8457
Easy,5400,61.5961,56.5837
Easy,4900,2.5115,1.1011
Easy,4500,3.1243,2.6082
Easy,5400,27.9205,5.5419
Easy,5400,9.8445,4.8685
Easy,4800,2.7663,1.7025
Easy,4500,1.2774,0.8481
Easy,5200,6.11,4.3191
Easy,4900,8.6373,5.7775
Easy,5300,22.6292,15.4988
Easy,5200,10.3782,6.0115
Easy,4600,1.1445,0.4883
Easy,4800,2.6826,1.6636
Easy,4600,1.9679,0.6348
Easy,4700,1.9782,0.9897
Easy,5100,11.1572,6.4563
Easy,5450,63.6634,60.5223
Easy,4600,10.2464,6.0622
Easy,5200,38.565,27.9525
Easy,5000,19.682,6.5942
Easy,5000,58.3635,8.7501
Easy,5200,336.1747,309.4127
Easy,4700,11.1757,3.9813
Easy,5100,19.2414,9.8906
Easy,5100,33.8776,22.2307
Easy,4600,8.1073,3.7843
Easy,4900,52.5692,39.7805
Easy,5000,16.1944,10.4766
Easy,4800,6.6047,2.4299
Easy,4800,10.4106,3.4646
Easy,4400,9.2965,4.4567
Easy,5300,30.7851,12.5814
Easy,4500,9.5314,5.4365
Easy,5100,20.5299,4.4253
Easy,4700,21.1944,7.2666
Easy,4700,31.6001,23.2528
Easy,4600,29.6619,10.9067
Easy,5400,87.564,71.8944
Easy,4500,7.6535,3.1273
Easy,5100,25.2645,17.6471
Easy,5100,25.9754,18.6877
Easy,4600,13.3431,9.1188
Easy,5200,25.5179,17.1518
Easy,4900,19.1459,10.174
Easy,4900,16.6605,8.011
Easy,5400,44.3049,19.6437
Easy,5200,22.9536,10.8064
Easy,5100,18.9747,13.0999
Easy,5300,107.4842,72.8336
Easy,5100,6.207,4.9997
Easy,4800,5.8079,3.0494
Easy,5000,9.3647,5.9137
Easy,4700,3.5235,2.1135
Easy,5400,8.7556,4.2053
Easy,4800,1.6798,0.824
Easy,4700,1.4389,0.9878
Easy,5300,6.733,2.8445
Easy,4700,1.7719,0.4797
Easy,5250,4.2828,2.713
Easy,4700,4.5277,0.6633
Easy,4400,1.7039,0.6859
Easy,5000,2.4606,1.5135
Easy,4800,2.0222,1.293
Easy,4700,1.5536,0.9239
Easy,4400,0.9023,0.3672
Easy,4500,1.4985,0.6422
Easy,4400,1.2822,0.4502
Easy,5300,5.245,0.8227
Easy,4600,1.9609,0.7295
Easy,5300,5.8218,2.5272
Easy,5400,128.5921,117.9655
Easy,5300,4.3572,1.1662
Easy,4600,3.9739,3.2799
Easy,5000,5.0078,2.1631
Easy,5100,12.9755,10.7086
Easy,4800,2.1321,1.6374
Easy,4600,2.6971,1.032
Easy,4700,2.8652,1.1112
Easy,5000,3.2064,2.2402
Easy,5400,35.5752,27.628
Easy,5100,18.2299,8.5156
Easy,4600,3.746,2.2464
Easy,5000,3.3455,1.724
Easy,4600,1.4786,0.4263
Easy,5000,8.2199,5.9281
Easy,4800,1.752,0.7951
Easy,5300,21.0761,17.2786
Easy,4700,2.6438,1.7597
Easy,5000,14.0793,12.1724
Easy,5300,4.3934,1.8747
Easy,5300,41.1467,33.7267
Medium,5650,17.21,12.4776
Medium,5850,141.9426,133.2693
Medium,6850,10.5327,6.2634
Medium,5450,15.5155,12.0031
Medium,5700,65.8053,50.6352
Medium,5500,40.03,27.2468
Medium,5750,17.6279,3.2978
Medium,5400,20.8855,4.9831
Medium,6750,38.0864,32.6241
Medium,5600,27.1963,22.08
Medium,5600,98.3046,88.7914
Medium,6150,85.7682,76.5527
Medium,5500,11.2409,4.264
Medium,6050,6.7993,3.7001
Medium,5400,19.2928,8.3767
Medium,5850,7.6005,5.1015
Medium,5400,27.525,19.8699
Medium,5600,19.0801,9.4854
Medium,6750,63.3236,57.8844
Medium,6200,16.848,12.7238
Medium,6150,16.5875,7.4803
Medium,5800,11.9925,4.6001
Medium,6150,46.4661,37.1748
Medium,6550,115.5354,97.291
Medium,6250,131.5486,119.0766
Medium,6750,125.7301,110.4865
Medium,5400,801.6887,799.4843
Medium,6150,218.5232,205.9692
Medium,6650,9.7957,8.0313
Medium,5700,77.4958,60.6411
Medium,5600,20.406,6.1304
Medium,5900,97.3107,83.9006
Medium,5800,120.2379,112.728
Medium,5800,583.0024,573.3427
Medium,5400,14.016,6.913
Medium,5700,17.8169,6.8292
Medium,5700,38.2895,29.0813
Medium,6150,16.2226,10.2796
Medium,5600,16.2317,10.156
Medium,6850,32.9341,25.3726
Medium,5400,13.483,10.3491
Medium,5700,127.8474,118.5956
Medium,6750,57.1724,44.6418
Medium,5500,12.3346,7.1087
Medium,5400,6.6245,4.4303
Medium,5400,41.2166,32.4072
Medium,6650,40.0331,31.9827
Medium,5400,22.3801,18.0647
Medium,5400,62.5734,52.5808
Medium,6150,5.6324,3.3507
Medium,6250,65.4474,53.8884
Medium,5500,10.8917,4.262
Medium,5700,45.8922,39.7103
Medium,5500,15.0766,8.8149
Medium,5500,79.311,69.5712
Medium,5600,19.9865,7.4227
Medium,5600,17.5606,8.5445
Medium,5850,15.5858,5.3024
Medium,5600,23.4745,8.1323
Medium,5400,8.3361,3.8972
Medium,6450,23.4891,17.5926
Medium,5950,38.5517,23.2469
Medium,6650,7.2852,2.3731
Medium,6750,28.8731,17.0602
Medium,5400,6.7798,1.9431
Medium,5400,5.5935,3.8521
Medium,5850,8.69,4.4635
Medium,6850,120.955,104.7303
Medium,5500,24.9046,22.4126
Medium,6450,53.2866,37.6988
Medium,6650,22.582,10.9234
Medium,5500,7.9401,2.8863
Medium,6300,87.2473,80.6109
Medium,6550,267.6565,236.8669
Medium,6750,9.4806,3.0437
Medium,5700,20.1504,7.0397
Medium,6750,14.2093,10.095
Medium,5500,50.232,42.6613
Medium,5500,12.7241,8.7534
Medium,6450,69.1197,35.3291
Medium,6700,9.5619,5.1401
Medium,5400,28.6799,27.1285
Medium,5950,44.627,37.2354
Medium,6750,24.8651,12.2165
Medium,6850,31.6726,19.4548
Medium,5400,22.02,6.3232
Medium,5700,27.6479,14.2051
Medium,6250,25.8862,16.1952
Medium,6200,22.5863,12.7748
Medium,6400,12.9906,6.5654
Medium,5500,92.0549,75.0232
Medium,5500,16.9593,3.5217
Medium,5500,64.8116,58.2812
Medium,5500,129.3085,125.3964
Medium,6150,36.3183,31.7326
Medium,6050,67.7425,55.8685
Medium,6150,18.7849,11.0683
Medium,6750,50.0221,34.7831
Medium,5400,8.2119,2.7993
Medium,5650,9.7503,3.0757
Medium,5500,41.3711,34.6485
Medium,6800,14.3563,8.4286
Medium,5750,19.459,10.907
Medium,5500,8.9792,5.8179
Medium,6250,7.2732,3.6644
Medium,5500,19.1813,7.4231
Medium,5400,11.1407,2.3162
Medium,5750,14.3367,7.9569
Medium,5600,34.1167,24.9126
Medium,5600,21.9834,14.2083
Medium,5500,35.6925,22.3199
Medium,5700,120.9353,117.0224
Medium,5700,11.7778,3.7158
Medium,6450,78.6792,62.2158
Medium,5500,14.1876,9.7302
Medium,6350,68.7509,52.2391
Medium,6150,2220.6556,2204.9725
Medium,6350,53.3763,38.5494
Medium,5400,5.4444,2.8701
Medium,5400,195.726,190.9263
Medium,5800,7606.1421,7594.6609
Medium,6050,83.8466,74.7163
Medium,5600,142.5232,118.2045
Medium,5400,121.9577,118.7819
Medium,5600,5.1051,3.1176
Medium,6050,64.905,30.5555
Medium,5500,12.4018,6.2635
Medium,5600,32.2371,13.6931
Medium,6150,47.401,32.4616
Medium,6850,8.3268,3.1683
Medium,5850,9.823,4.7624
Medium,5850,16.8345,7.6176
Medium,5600,219.308,182.3162
Medium,5600,79.5765,64.9009
Medium,5700,555.7201,537.7162
Medium,5400,107.1359,98.431
Medium,5900,529.4173,515.3201
Medium,6650,79.1607,73.4165
Medium,6450,65.8992,50.5495
Medium,6050,25.6255,18.9308
Medium,6700,9.2226,1.8029
Medium,5850,19.5665,9.07
Medium,5600,24.6352,10.6885
Medium,6650,109.848,84.7646
Medium,6250,63.513,53.3951
Medium,6150,100.5047,81.1497
Medium,6850,21.9257,8.0492
Medium,5750,9.6665,5.1012
Medium,5700,23.7149,18.2868
Medium,5700,41.8794,27.9847
Medium,6050,50.1781,45.3301
Medium,6250,118.9678,113.071
Medium,6800,7.9511,2.9965
Medium,6450,37.2879,28.2764
Medium,6850,65.9944,34.53
Medium,5700,158.5245,144.5697
Medium,6150,72.6347,63.2087
Medium,5700,26.4251,14.3462
Medium,5850,48.7144,43.919
Medium,5400,29.7263,25.4851
Medium,6850,56.3978,50.5519
Medium,5600,215.1275,202.1263
Medium,5700,20.1065,9.5324
Medium,5400,30.388,22.7655
Medium,5500,49.7389,41.7828
Medium,6050,82.9595,47.3802
Medium,5600,53.0549,42.8496
Medium,5500,13.1279,8.8408
Medium,5600,27.0044,17.8576
Medium,6550,10.2896,6.7638
Medium,6050,202.6871,191.9275
Medium,6350,90.4877,77.3269
Medium,5400,26.0887,11.4673
Medium,5700,105.743,85.1801
Medium,5600,827.8312,804.2924
Medium,6850,208.7452,178.6862
Medium,5500,51.4923,47.387
Medium,5850,117.3879,104.622
Medium,5600,109.899,30.6317
Medium,5600,155.858,139.6955
Medium,5850,81.8896,64.9607
Medium,5500,31.7267,22.1738
Medium,5700,43.274,37.0255
Medium,6350,160.9693,152.6024
Medium,5600,449.2721,441.0692
Medium,5400,101.399,86.487
Medium,6150,21.3733,16.4868
Medium,5600,23.8554,11.2355
Medium,5350,4.1983,1.6302
Medium,5600,320.3628,312.337
Medium,5750,15.7158,9.7793
Medium,6150,495.3151,482.4564
Medium,5550,2.5514,0.9656
Medium,5500,5.6456,3.2125
Medium,5950,33.1594,23.3636
Medium,5700,27.3366,10.5679
Medium,5500,19.5257,10.1847
Medium,5600,16.9009,11.3359
Medium,5900,20.301,7.0508
Medium,6050,56.0122,48.9853
Medium,5400,35.462,28.8466
Medium,6750,90.8797,54.3124
Medium,5500,15.8612,7.9115
Medium,5700,25.154,15.4076
Medium,5400,29.8566,15.4667
Medium,5400,16.0927,10.7338
Medium,5400,15.6804,11.6442
Medium,5800,31.775,16.8676
Medium,5500,32.2956,28.1219
Medium,5400,24.8966,21.0489
Medium,6750,15.0814,12.6226
Medium,5950,66.1623,56.7474
Medium,5600,19.448,11.118
Medium,5500,300.1477,295.1539
Medium,5600,9.5856,3.9055
Medium,5700,63.7043,47.1823
Medium,5600,9.2847,2.1226
Medium,5600,41.8429,19.477
Medium,6050,22.282,19.8237
Medium,5600,34.7349,23.378
Medium,6500,35.448,29.5394
Medium,5600,27.1825,19.9551
Medium,5500,18.55,13.0872
Medium,6450,64.777,52.4537
Medium,5600,204.0115,197.8446
Medium,5800,562.3958,542.246
Medium,6850,80.2531,72.7179
Medium,5400,6.845,2.0826
Medium,5500,66.6705,62.0313
Medium,6050,254.2723,237.5875
Medium,6050,26.9106,15.9287
Medium,5400,6.9214,3.7479
Medium,5500,160.6435,149.0745
Medium,5400,10.2673,7.9165
Medium,6150,7.2899,5.9253
Medium,6550,43.0505,19.4514
Medium,6450,10.1531,6.3121
Medium,5600,15.7097,7.6478
Medium,5450,9.0452,3.1196
Medium,5500,19.5625,11.2219
Medium,5400,16.605,10.9495
Medium,5700,87.2904,69.2874
Medium,6150,23.8054,3.8042
Medium,5500,214.3453,210.2602
Medium,6650,64.8277,58.2564
Medium,6200,13.2917,5.8853
Medium,5600,59.9559,51.1256
Medium,5500,19.2353,10.6446
Medium,5600,151.4548,129.2039
Medium,6050,24.4989,13.4185
Medium,5500,119.497,109.1359
Medium,5800,92.1504,82.3936
Medium,6050,16.568,6.1
Medium,5700,431.2909,420.8154
Medium,6650,19.9784,3.8966
Medium,6050,35.6407,29.6052
Medium,5500,13.4786,10.1762
Medium,6850,25.8226,15.0371
Medium,5800,37.5695,24.0679
Medium,5950,23.428,14.6029
Medium,5600,213.3058,208.1734
Medium,5950,40.6429,22.0368
Medium,5400,26.9626,21.0463
Medium,6300,31.7317,20.7336
Medium,5500,745.1013,737.985
Medium,5950,117.8593,107.8515
Medium,6650,32.5828,22.797
Medium,5700,686.0567,676.734
Medium,6350,35.0154,29.5535
Medium,5400,11.2214,8.8041
Medium,5550,9.9293,3.4321
Medium,5500,18.9762,10.9166
Medium,5400,10.0349,6.6314
Medium,6350,238.4871,230.0203
Medium,6750,35.1537,26.3517
Medium,5850,227.4745,217.3766
Medium,5700,76.492,68.7577
Medium,5600,272.0431,258.1848
Medium,5600,200.3509,185.6469
Medium,5950,11.5898,7.0179
Medium,6650,54.5739,47.906
Medium,5950,29.2365,24.0409
Medium,6700,13.5991,2.4829
Medium,5500,53.0487,36.6591
Medium,6750,55.1545,44.1587
Medium,6050,26.8279,21.7556
Medium,5850,5.7799,2.2647
Medium,5600,15.8301,10.5242
Medium,5400,6.7459,6.0175
Medium,5950,13.9882,10.1327
Medium,5750,81.6412,76.1066
Medium,5850,7.8793,3.5424
Medium,5400,36.0357,25.3631
Medium,5500,13.3861,6.3502
Medium,5400,14.7138,1.2309
Medium,6450,155.3792,144.9521
Medium,5950,57.6089,50.4868
Medium,6450,57.9414,53.8162
Medium,5500,9.8431,4.6168
Medium,5650,11.3061,4.7092
Medium,5500,69.9152,57.5164
Medium,6850,86.8724,76.5599
Medium,5600,180.4036,172.8705
Medium,5550,5.2685,1.8269
Medium,5450,8.6307,5.9629
Medium,6350,338.2971,326.0074
Medium,6050,34.9487,20.4272
Medium,5700,65.9118,55.0273
Medium,6050,16.8028,9.3652
Medium,6350,40.4663,34.0759
Medium,6050,19.5218,14.2128
Medium,6150,87.7573,70.492
Medium,5600,225.6025,215.0682
Medium,6050,64.7768,39.0264
Medium,5500,20.9139,16.112
Medium,5600,65.1584,56.8699
Medium,5500,36.1539,21.2944
Medium,5600,22.4347,12.2607
Medium,5400,9.2276,3.9371
Medium,6850,24.1238,11.0802
Medium,6750,23.142,12.1445
Medium,5500,117.7418,98.1037
Medium,5400,47.9899,42.7118
Medium,5400,13.3403,8.9403
Medium,5400,17.862,14.9683
Medium,5700,73.5351,57.8122
Medium,5600,35.9255,16.1486
Medium,6250,8.7491,3.684
Medium,5600,72.1219,60.1965
Medium,5500,11.298,7.4224
Medium,5700,243.2566,234.4427
Medium,5950,187.3252,171.9899
Medium,5700,80.2602,67.4443
Medium,6550,36.3902,22.4825
Medium,6150,34.537,16.5082
Medium,5500,42.8186,37.0349
Medium,6650,52.815,49.4081
Medium,5750,162.4448,154.6861
Medium,5450,5.5998,4.2585
Medium,6050,56.5081,49.763
Medium,5550,20.8928,18.5403
Medium,5400,11.8105,8.8092
Medium,6050,14.5944,6.6559
Medium,6050,30.6588,10.9209
Medium,6850,40.8099,28.1288
Medium,5500,65.7864,60.2509
Medium,5600,67.2439,54.6809
Medium,6800,42.8763,33.2016
Medium,5400,23.8124,16.4473
Medium,6050,309.7198,298.2823
Medium,5500,10.4561,5.1515
Medium,5750,19.4541,11.7185
Medium,6450,60.3759,50.4598
Medium,5750,5.6422,2.143
Medium,5600,32.0063,16.8414
Medium,6250,15.7819,9.8398
Medium,6650,39.6464,31.4031
Medium,5400,128.0323,124.9186
Medium,5500,67.2414,51.8586
Medium,5400,11.1656,7.321
Medium,6150,16.025,10.8782
Medium,5600,13.3177,7.1967
Medium,6250,10.5084,5.5247
Medium,5500,14.7744,3.8261
Medium,6700,231.6729,225.3809
Medium,6050,7.9009,5.3451
Medium,6650,27.3194,15.5978
Medium,5400,9.1679,2.1459
Medium,6350,247.4021,239.0921
Medium,5650,9.0306,6.4407
Medium,5500,37.6498,14.1814
Medium,5600,329.1446,309.2523
Medium,5400,35.8515,21.8179
Medium,6650,22.7268,4.1546
Medium,5600,39.1472,28.9254
Medium,5500,24.7104,15.1764
Medium,5400,19.343,11.992
Medium,5400,72.1028,54.9935
Medium,5750,567.5636,469.4699
Medium,5650,63.2586,32.7134
Medium,6150,36.3769,6.4215
Medium,5600,16.2122,7.352
Medium,5900,296.2979,287.5775
Medium,5600,311.0253,290.2524
Medium,5400,15.239,8.6659
Medium,5600,10.5634,2.4447
Medium,5700,56.9188,45.1389
Medium,5400,22.1629,15.1056
Medium,5750,76.2615,68.4948
Medium,5400,13.6711,11.9849
Medium,5700,37.366,29.8102
Medium,5400,24.5372,21.8638
Medium,5900,280.8574,269.4507
Medium,5400,36.6673,30.1084
Medium,5850,25.9414,22.1535
Medium,5500,9.283,4.9524
Medium,6850,10.597,4.0225
Medium,6050,29.5651,16.7311
Medium,5600,39.4646,22.6265
Medium,5600,118.9408,112.4406
Medium,6150,33.5617,14.9877
Medium,5700,39.8487,26.7344
Medium,5600,71.9326,65.6834
Medium,5800,36.3734,10.4631
Medium,5400,45.4221,42.3796
Medium,5700,36.2009,29.9099
Medium,5700,209.4661,192.7755
Medium,5500,32.853,12.2028
Medium,6850,28.8872,3.8884
Medium,5400,7.0176,4.6445
Medium,5600,176.1995,170.2869
Medium,6850,38.3755,24.7032
Medium,5400,18.2344,11.2975
Medium,5700,18.6096,15.4911
Medium,6850,67.7196,58.6267
Medium,6350,18.5026,6.224
Medium,5500,15.2609,9.0558
Medium,5600,40.1939,34.3251
Medium,5600,20.438,6.2913
Medium,5400,7.868,5.6631
Medium,5500,45.9661,33.351
Medium,5400,12.0445,3.2952
Medium,6550,93.6587,75.4753
Medium,6850,23.6887,18.63
Medium,6650,19.8361,14.3054
Medium,5400,20.1437,11.4313
Medium,5450,23.6306,18.367
Medium,5950,9.638,3.9693
Medium,5700,31.4062,15.8528
Medium,5650,27.617,20.2273
Medium,6150,25.4112,9.7451
Medium,5600,18.4461,7.6681
Medium,6450,113.0774,101.7453
Medium,5400,35.1212,28.737
Medium,6250,66.215,47.9429
Medium,5400,22.3306,16.2656
Medium,5950,51.3831,41.5631
Medium,5500,10.5262,1.8359
Medium,6850,169.3299,161.3063
Medium,5500,24.3867,17.3365
Medium,5600,235.0673,222.3312
Medium,5600,15.2322,8.1309
Medium,6150,185.3,168.8783
Medium,5400,9.3994,7.0595
Medium,5750,8.2587,4.3339
Medium,5600,101.9067,87.0694
Medium,6650,49.7612,38.9186
Medium,6150,13.3186,4.3269
Medium,5700,56.8388,43.361
Medium,5700,113.0998,98.8142
Medium,5400,33.8993,26.4563
Medium,5600,143.4811,132.2184
Medium,5400,27.4874,23.7613
Medium,6250,52.1014,36.5347
Medium,5400,27.0116,22.4148
Medium,5400,18.6359,15.1691
Medium,5500,37.465,24.7922
Medium,5400,35.179,17.7996
Medium,5800,82.8076,67.1616
Medium,6300,336.0196,325.0173
Medium,5600,23.9981,13.6786
Medium,6800,46.5586,42.4302
Medium,5700,13.102,5.2382
Medium,5800,4769.9066,4748.457
Medium,5500,19.5857,9.2545
Medium,5400,14.391,6.7244
Medium,5500,39.751,35.1313
Medium,6450,26.648,17.5885
Medium,5400,26.7008,9.7703
Medium,5500,34.3331,27.8366
Medium,5600,37.7503,26.8305
Medium,6050,46.7227,23.0018
Medium,6600,3.5209,2.5799
Medium,6350,99.0816,90.5144
Medium,6350,25.214,12.8529
Medium,5500,25.7787,16.2928
Medium,5600,4.5932,2.2717
Medium,5400,48.1701,42.7737
Medium,5600,197.75,186.076
Medium,5400,79.5345,73.7602
Medium,5400,5.4713,1.7816
Medium,6850,41.7501,36.9416
Medium,5750,37.5182,31.29
Medium,5950,42.358,25.5931
Medium,5400,22.5841,10.5579
Medium,6800,20.3574,14.9473
Medium,5400,22.6285,11.9742
Medium,6850,5.2356,2.6369
Medium,5700,66.4002,58.1755
Medium,5400,7.9202,5.2638
Medium,5500,25.9285,12.6659
Medium,5500,66.9161,52.8861
Medium,6850,186.0014,178.7653
Medium,5600,52.5501,41.124
Medium,6050,39.5597,31.8977
Medium,5400,23.4883,13.9736
Medium,6050,32.7495,14.2544
Medium,6350,68.9809,64.9912
Medium,6300,2.841,1.0005
Medium,5400,63.1204,55.7518
