Difficulty,Difficulty Score,Time (ms),Backtrack Count,Backtrack Fail Count
Beginner,4200,1.2881,42,0
Beginner,3700,0.9888,37,0
Beginner,3800,0.7313,38,0
Beginner,3800,0.8602,38,0
Beginner,4100,1.0876,41,0
Beginner,4000,1.3686,40,0
Beginner,3700,0.8173,37,0
Beginner,4200,1.4575,42,0
Beginner,3700,0.5871,37,0
Beginner,3900,0.9841,39,0
Beginner,4100,0.9339,41,0
Beginner,4000,0.8791,40,0
Beginner,4000,1.0926,40,0
Beginner,4100,0.8376,41,0
Beginner,3900,1.6263,39,0
Beginner,4400,2.4062,44,0
Beginner,3800,1.1131,38,0
Beginner,3700,0.9507,37,0
Beginner,3700,1.031,37,0
Beginner,4300,4.1822,43,0
Beginner,4400,2.5426,44,0
Beginner,3900,1.1299,39,0
Beginner,4100,1.2026,41,0
Beginner,4200,1.3398,42,0
Beginner,3800,1.1409,38,0
Beginner,4300,0.9298,43,0
Beginner,4100,0.7682,41,0
Beginner,3800,0.575,38,0
Beginner,3800,0.5127,38,0
Beginner,3800,0.9628,38,0
Beginner,4000,0.6782,40,0
Beginner,3800,0.9951,38,0
Beginner,4000,1.1617,40,0
Beginner,4400,1.2182,44,0
Beginner,3700,0.5994,37,0
Beginner,3800,0.7038,38,0
Beginner,4200,1.0056,42,0
Beginner,3900,0.7834,39,0
Beginner,3800,0.5697,38,0
Beginner,3800,0.6606,38,0
Beginner,4000,1.085,40,0
Beginner,4400,1.1204,44,0
Beginner,4100,0.9929,41,0
Beginner,3700,0.7064,37,0
Beginner,3800,0.5137,38,0
Beginner,4300,1.0129,43,0
Beginner,4300,1.0865,43,0
Beginner,4100,0.791,41,0
Beginner,4000,0.8276,40,0
Beginner,4000,1.3665,40,0
Beginner,3900,0.6616,39,0
Beginner,3900,0.759,39,0
Beginner,3900,0.7431,39,0
Beginner,4200,1.121,42,0
Beginner,3900,0.7663,39,0
Beginner,3800,0.9307,38,0
Beginner,3900,0.7781,39,0
Beginner,3800,0.704,38,0
Beginner,4400,1.172,44,0
Beginner,4100,0.8441,41,0
Beginner,4200,1.126,42,0
Beginner,3900,0.9554,39,0
Beginner,4000,0.8979,40,0
Beginner,4100,1.0926,41,0
Beginner,4200,1.0581,42,0
Beginner,4000,0.83,40,0
Beginner,4400,1.5836,44,0
Beginner,4100,1.3201,41,0
Beginner,4300,1.8192,43,0
Beginner,4300,1.4066,43,0
Beginner,4400,2.3397,44,0
Beginner,3900,1.0944,39,0
Beginner,4200,1.0597,42,0
Beginner,4300,1.3307,43,0
Beginner,3800,0.9057,38,0
Beginner,4200,1.1288,42,0
Beginner,4400,2.1782,44,0
Beginner,4100,1.6386,41,0
Beginner,4200,2.1653,42,0
Beginner,4300,1.169,43,0
Beginner,3900,0.7255,39,0
Beginner,4000,0.8772,40,0
Beginner,4200,1.0959,42,0
Beginner,4200,1.0718,42,0
Beginner,3800,0.8328,38,0
Beginner,4200,0.9483,42,0
Beginner,3800,0.8297,38,0
Beginner,3900,0.8834,39,0
Beginner,4100,1.1719,41,0
Beginner,4100,0.8678,41,0
Beginner,3900,0.6999,39,0
Beginner,3700,0.7608,37,0
Beginner,4100,1.0712,41,0
Beginner,4000,0.8043,40,0
Beginner,3700,0.5986,37,0
Beginner,4300,1.6023,43,0
Beginner,4400,2.6812,44,0
Beginner,3800,0.7234,38,0
Beginner,3900,1.0596,39,0
Beginner,4100,0.7892,41,0
Beginner,4400,0.8484,44,0
Beginner,4000,1.017,40,0
Beginner,4300,1.2912,43,0
Beginner,4000,1.4609,40,0
Beginner,3700,1.4619,37,0
Beginner,3900,0.9055,39,0
Beginner,3900,0.8527,39,0
Beginner,4100,1.2023,41,0
Beginner,3900,1.3785,39,0
Beginner,4000,2.5652,40,0
Beginner,3700,0.5854,37,0
Beginner,4300,1.1324,43,0
Beginner,4300,3.8167,43,0
Beginner,3800,0.9016,38,0
Beginner,3900,0.7675,39,0
Beginner,3700,0.8921,37,0
Beginner,4200,1.429,42,0
Beginner,3800,0.6869,38,0
Beginner,4100,0.8909,41,0
Beginner,4000,1.1188,40,0
Beginner,4300,2.0064,43,0
Beginner,3700,0.8169,37,0
Beginner,4200,1.3536,42,0
Beginner,3800,7.1254,38,0
Beginner,4100,2.9516,41,0
Beginner,3800,2.5737,38,0
Beginner,3800,2.0984,38,0
Beginner,4000,1.6273,40,0
Beginner,4200,3.2884,42,0
Beginner,4400,2.3275,44,0
Beginner,3800,1.1411,38,0
Beginner,3900,0.8389,39,0
Beginner,3800,0.6682,38,0
Beginner,4400,2.0149,44,0
Beginner,4400,1.3479,44,0
Beginner,4200,1.2464,42,0
Beginner,4300,1.4681,43,0
Beginner,3700,0.6817,37,0
Beginner,4000,0.9345,40,0
Beginner,3800,1.0465,38,0
Beginner,3800,0.9911,38,0
Beginner,3700,0.6625,37,0
Beginner,4300,1.2875,43,0
Beginner,4300,2.3636,43,0
Beginner,3800,1.3525,38,0
Beginner,3900,0.73,39,0
Beginner,4100,0.729,41,0
Beginner,4400,1.3396,44,0
Beginner,3800,0.7805,38,0
Beginner,4000,1.025,40,0
Beginner,4300,1.9488,43,0
Beginner,3700,1.3035,37,0
Beginner,3800,0.6878,38,0
Beginner,4400,2.2354,44,0
Beginner,4000,0.8596,40,0
Beginner,4200,1.4196,42,0
Beginner,4200,1.5332,42,0
Beginner,4100,1.1863,41,0
Beginner,4000,0.8499,40,0
Beginner,4200,1.203,42,0
Beginner,3700,0.5571,37,0
Beginner,3800,0.477,38,0
Beginner,4100,1.184,41,0
Beginner,3700,0.6178,37,0
Beginner,4400,1.0469,44,0
Beginner,4300,0.7506,43,0
Beginner,3700,0.703,37,0
Beginner,4100,2.2354,41,0
Beginner,3800,0.9708,38,0
Beginner,4400,1.5258,44,0
Beginner,4000,0.6679,40,0
Beginner,3700,0.7323,37,0
Beginner,4300,1.0146,43,0
Beginner,3700,0.5822,37,0
Beginner,4000,0.9733,40,0
Beginner,3900,0.5962,39,0
Beginner,3900,0.8182,39,0
Beginner,4200,0.8485,42,0
Beginner,4300,1.0944,43,0
Beginner,4400,1.2656,44,0
Beginner,3700,0.5527,37,0
Beginner,4100,0.9168,41,0
Beginner,4000,0.7441,40,0
Beginner,4100,1.4472,41,0
Beginner,4400,0.9815,44,0
Beginner,4200,0.6871,42,0
Beginner,4100,1.1801,41,0
Beginner,3900,1.2657,39,0
Beginner,4400,1.0966,44,0
Beginner,4100,1.1715,41,0
Beginner,4200,1.0752,42,0
Beginner,3700,0.6219,37,0
Beginner,4100,0.8885,41,0
Beginner,4400,3.9366,44,0
Beginner,4400,2.2456,44,0
Beginner,3800,1.5677,38,0
Beginner,4300,1.2668,43,0
Beginner,3800,0.889,38,0
Beginner,3900,0.7838,39,0
Beginner,4300,1.1631,43,0
Beginner,4300,0.7525,43,0
Beginner,4100,0.6621,41,0
Beginner,3900,0.6478,39,0
Beginner,3700,0.7134,37,0
Beginner,4200,0.8304,42,0
Beginner,3700,0.6298,37,0
Beginner,4000,0.7484,40,0
Beginner,3900,0.6599,39,0
Beginner,3700,0.5345,37,0
Beginner,4200,0.7161,42,0
Beginner,4300,1.5695,43,0
Beginner,3800,1.108,38,0
Beginner,3800,0.6576,38,0
Beginner,3900,1.0717,39,0
Beginner,4100,2.1923,41,0
Beginner,3800,0.7598,38,0
Beginner,3800,0.6573,38,0
Beginner,4400,1.2342,44,0
Beginner,3700,0.6971,37,0
Beginner,3800,0.6217,38,0
Beginner,3800,0.6772,38,0
Beginner,4000,0.6311,40,0
Beginner,3900,0.8695,39,0
Beginner,4000,1.1694,40,0
Beginner,4200,1.1632,42,0
Beginner,4200,0.7632,42,0
Beginner,4100,1.7049,41,0
Beginner,4000,0.7971,40,0
Beginner,4200,0.9983,42,0
Beginner,4300,1.4176,43,0
Beginner,3800,0.67,38,0
Beginner,3900,0.9342,39,0
Beginner,4100,1.0198,41,0
Beginner,4100,0.7731,41,0
Beginner,3800,0.8424,38,0
Beginner,3900,0.7868,39,0
Beginner,4100,1.3026,41,0
Beginner,4200,0.9571,42,0
Beginner,4200,0.8549,42,0
Beginner,3800,0.5651,38,0
Beginner,3800,0.6031,38,0
Beginner,4200,0.8966,42,0
Beginner,3800,0.5209,38,0
Beginner,4200,1.1095,42,0
Beginner,4100,1.162,41,0
Beginner,4100,0.8913,41,0
Beginner,3800,0.9169,38,0
Beginner,3800,0.9317,38,0
Beginner,3700,0.6584,37,0
Beginner,3700,0.5495,37,0
Beginner,4000,0.5628,40,0
Beginner,4300,1.288,43,0
Beginner,4300,0.8201,43,0
Beginner,4000,1.1695,40,0
Beginner,4200,1.0799,42,0
Beginner,4100,0.819,41,0
Beginner,3800,0.5908,38,0
Beginner,4000,0.8281,40,0
Beginner,3700,0.7552,37,0
Beginner,4100,1.0537,41,0
Beginner,4000,0.7697,40,0
Beginner,4300,1.0336,43,0
Beginner,4100,0.9253,41,0
Beginner,3800,0.7157,38,0
Beginner,4300,0.9678,43,0
Beginner,4400,1.6879,44,0
Beginner,4400,1.9713,44,0
Beginner,3800,1.0176,38,0
Beginner,3700,0.6068,37,0
Beginner,4100,0.9209,41,0
Beginner,3800,0.6189,38,0
Beginner,3800,0.6444,38,0
Beginner,4300,0.8926,43,0
Beginner,3800,1.646,38,0
Beginner,4300,1.1509,43,0
Beginner,4400,1.6875,44,0
Beginner,4000,1.1391,40,0
Beginner,4400,1.163,44,0
Beginner,3800,0.6641,38,0
Beginner,3900,0.7287,39,0
Beginner,3900,0.6169,39,0
Beginner,4400,1.3923,44,0
Beginner,4300,0.9941,43,0
Beginner,3800,0.8024,38,0
Beginner,3900,0.7031,39,0
Beginner,3800,0.7308,38,0
Beginner,4000,1.1422,40,0
Beginner,3700,0.6139,37,0
Beginner,3800,0.7792,38,0
Beginner,4300,1.1013,43,0
Beginner,3800,0.5257,38,0
Beginner,4000,1.3231,40,0
Beginner,4200,1.4629,42,0
Beginner,4400,1.1272,44,0
Beginner,4300,1.2376,43,0
Beginner,4000,0.5824,40,0
Beginner,4200,0.9493,42,0
Beginner,4400,10.8235,44,0
Beginner,3700,0.6597,37,0
Beginner,4100,0.755,41,0
Beginner,4300,1.4452,43,0
Beginner,4400,1.1397,44,0
Beginner,3800,0.8176,38,0
Beginner,4000,0.8829,40,0
Beginner,4300,1.1126,43,0
Beginner,4200,1.5095,42,0
Beginner,4300,0.9269,43,0
Beginner,4400,2.0418,44,0
Beginner,4200,0.8536,42,0
Beginner,4100,1.0809,41,0
Beginner,3700,0.612,37,0
Beginner,4300,0.7339,43,0
Beginner,4100,1.1045,41,0
Beginner,4300,1.0528,43,0
Beginner,4300,1.25,43,0
Beginner,4400,0.7748,44,0
Beginner,3800,0.6563,38,0
Beginner,3800,0.5674,38,0
Beginner,4000,0.6439,40,0
Beginner,3700,0.6925,37,0
Beginner,3800,0.7057,38,0
Beginner,4300,1.2955,43,0
Beginner,3700,0.6294,37,0
Beginner,4300,1.2438,43,0
Beginner,3900,0.9061,39,0
Beginner,4100,0.7155,41,0
Beginner,3800,0.8139,38,0
Beginner,4200,1.2487,42,0
Beginner,4300,0.6996,43,0
Beginner,3800,0.996,38,0
Beginner,3700,0.5845,37,0
Beginner,4100,0.8175,41,0
Beginner,4300,0.8057,43,0
Beginner,4400,1.383,44,0
Beginner,4100,0.708,41,0
Beginner,3800,0.6971,38,0
Beginner,4000,0.7753,40,0
Beginner,4000,1.1783,40,0
Beginner,4000,0.6889,40,0
Beginner,4000,1.0287,40,0
Beginner,4300,1.374,43,0
Beginner,4200,0.8608,42,0
Beginner,3900,0.7861,39,0
Beginner,3800,0.6068,38,0
Beginner,4000,1.2041,40,0
Beginner,3900,0.7811,39,0
Beginner,4100,0.8018,41,0
Beginner,3800,0.8292,38,0
Beginner,4200,1.4239,42,0
Beginner,4400,1.2063,44,0
Beginner,4300,1.7103,43,0
Beginner,4200,0.8547,42,0
Beginner,3800,0.6833,38,0
Beginner,3900,0.7356,39,0
Beginner,4200,1.1033,42,0
Beginner,4200,1.0699,42,0
Beginner,3900,0.7467,39,0
Beginner,4100,1.1074,41,0
Beginner,3700,0.9702,37,0
Beginner,4100,0.7097,41,0
Beginner,4100,3.1264,41,0
Beginner,3800,0.8062,38,0
Beginner,3800,0.7955,38,0
Beginner,3800,0.9531,38,0
Beginner,4300,0.8194,43,0
Beginner,4200,1.3346,42,0
Beginner,3700,0.5192,37,0
Beginner,4300,2.8544,43,0
Beginner,3800,0.9687,38,0
Beginner,4000,1.0064,40,0
Beginner,3800,0.981,38,0
Beginner,3700,0.7989,37,0
Beginner,3900,0.8022,39,0
Beginner,4200,0.8424,42,0
Beginner,4100,1.2281,41,0
Beginner,3900,0.6438,39,0
Beginner,4300,0.8156,43,0
Beginner,4200,3.2402,42,0
Beginner,4000,0.5983,40,0
Beginner,4000,0.9649,40,0
Beginner,4300,0.6977,43,0
Beginner,3900,1.2672,39,0
Beginner,3700,0.5615,37,0
Beginner,3900,0.9123,39,0
Beginner,4200,1.1639,42,0
Beginner,4100,0.7998,41,0
Beginner,4400,1.1386,44,0
Beginner,4100,0.9114,41,0
Beginner,3700,0.6404,37,0
Beginner,3800,0.7594,38,0
Beginner,4300,2.5157,43,0
Beginner,4100,0.7232,41,0
Beginner,4300,1.3514,43,0
Beginner,4000,0.7607,40,0
Beginner,4300,1.7623,43,0
Beginner,4400,1.7906,44,0
Beginner,4100,2.1781,41,0
Beginner,4300,1.4006,43,0
Beginner,4200,0.7061,42,0
Beginner,4200,1.2615,42,0
Beginner,3700,0.6665,37,0
Beginner,4400,2.3879,44,0
Beginner,3900,1.1172,39,0
Beginner,3800,0.859,38,0
Beginner,4300,1.5534,43,0
Beginner,3700,0.6308,37,0
Beginner,4200,1.5241,42,0
Beginner,3800,0.5295,38,0
Beginner,4300,1.3301,43,0
Beginner,4000,0.9775,40,0
Beginner,4300,1.0604,43,0
Beginner,3800,0.862,38,0
Beginner,4100,1.026,41,0
Beginner,4200,2.0572,42,0
Beginner,3800,0.6679,38,0
Beginner,3900,1.9053,39,0
Beginner,4100,1.0046,41,0
Beginner,4100,0.9607,41,0
Beginner,3900,0.7583,39,0
Beginner,4000,1.4601,40,0
Beginner,4200,0.659,42,0
Beginner,3700,0.5354,37,0
Beginner,4300,1.2436,43,0
Beginner,4100,0.9889,41,0
Beginner,3900,0.636,39,0
Beginner,4100,0.8241,41,0
Beginner,4400,1.1769,44,0
Beginner,4300,1.4518,43,0
Beginner,4000,0.718,40,0
Beginner,4000,1.9919,40,0
Beginner,4300,1.1818,43,0
Beginner,4200,0.9683,42,0
Beginner,3800,0.9308,38,0
Beginner,4000,1.5378,40,0
Beginner,4100,1.0766,41,0
Beginner,3800,0.9679,38,0
Beginner,4100,0.7399,41,0
Beginner,4300,1.1465,43,0
Beginner,4400,0.8963,44,0
Beginner,3900,0.665,39,0
Beginner,4100,1.0281,41,0
Beginner,4200,1.1381,42,0
Beginner,4100,1.3072,41,0
Beginner,3900,1.0985,39,0
Beginner,3700,0.5472,37,0
Beginner,4200,1.1603,42,0
Beginner,4100,0.9682,41,0
Beginner,4100,1.2128,41,0
Beginner,3800,1.0996,38,0
Beginner,4200,5.3241,42,0
Beginner,4300,1.1132,43,0
Beginner,4100,0.6901,41,0
Beginner,4000,0.8279,40,0
Beginner,3700,0.8592,37,0
Beginner,4000,1.2084,40,0
Beginner,4100,1.2807,41,0
Beginner,4000,0.8026,40,0
Beginner,4300,1.0982,43,0
Beginner,3900,1.3031,39,0
Beginner,4300,1.0344,43,0
Beginner,4200,0.8404,42,0
Beginner,4100,1.031,41,0
Beginner,4000,0.688,40,0
Beginner,4100,0.9799,41,0
Beginner,3800,0.7974,38,0
Beginner,4300,1.4705,43,0
Beginner,3800,0.992,38,0
Beginner,3700,0.6066,37,0
Beginner,4100,1.9626,41,0
Beginner,4000,0.864,40,0
Beginner,3900,0.9067,39,0
Beginner,4100,0.8897,41,0
Beginner,3900,0.6473,39,0
Beginner,4400,1.8671,44,0
Beginner,3700,0.6359,37,0
Beginner,4400,1.3859,44,0
Beginner,3900,0.6743,39,0
Beginner,4000,0.69,40,0
Beginner,4400,1.0659,44,0
Beginner,3900,0.6688,39,0
Beginner,4100,1.0099,41,0
Beginner,4200,1.0394,42,0
Beginner,4400,1.6379,44,0
Beginner,4400,0.9637,44,0
Beginner,4000,1.4342,40,0
Beginner,4300,1.3571,43,0
Beginner,3700,0.7345,37,0
Beginner,4400,3.5152,44,0
Beginner,3800,1.0465,38,0
Beginner,3700,0.8126,37,0
Beginner,4300,0.9965,43,0
Beginner,4400,1.7589,44,0
Beginner,3900,0.587,39,0
Beginner,3900,0.7907,39,0
Beginner,3700,0.4885,37,0
Beginner,4100,1.0168,41,0
Beginner,4400,1.7329,44,0
Beginner,4300,1.0862,43,0
Beginner,3900,1.0259,39,0
Beginner,4000,0.9779,40,0
Easy,4700,4.0531,47,0
Easy,4700,2.2075,47,0
Easy,4900,7.465,49,0
Easy,5000,7.8219,50,0
Easy,5300,7.5824,53,0
Easy,5400,15.4308,54,0
Easy,4500,1.3565,45,0
Easy,5200,129.239,52,0
Easy,4500,1.7175,45,0
Easy,4500,2.8017,45,0
Easy,4800,2.4287,48,0
Easy,5300,6.1476,53,0
Easy,5450,36.3381,51,0
Easy,5100,10.9837,51,0
Easy,5000,7.871,50,0
Easy,4500,1.3278,45,0
Easy,5100,4.9189,51,0
Easy,5400,35.5223,54,0
Easy,4800,3.9678,48,0
Easy,5400,38.3967,54,0
Easy,5100,8.8877,51,0
Easy,4600,1.8033,46,0
Easy,5100,4.535,51,0
Easy,5400,19.1467,54,0
Easy,5400,97.0939,54,0
Easy,4500,2.2629,45,0
Easy,4900,4.3933,49,0
Easy,4700,3.3445,47,0
Easy,4700,1.5444,47,0
Easy,5300,4.0978,53,0
Easy,4700,1.3772,47,0
Easy,5200,23.477,52,0
Easy,5200,7.4643,52,0
Easy,5000,5.1153,50,0
Easy,5300,43.88,53,0
Easy,5000,9.5012,50,0
Easy,5200,6.4703,52,0
Easy,4700,2.7255,47,0
Easy,4800,2.9747,48,0
Easy,5100,2.7927,51,0
Easy,4600,2.7959,46,0
Easy,5400,19.9115,54,0
Easy,4500,2.6831,45,0
Easy,4800,5.4256,48,0
Easy,5300,17.1391,53,0
Easy,4500,2.7584,45,0
Easy,5400,31.6631,54,0
Easy,5100,9.5743,51,0
Easy,5100,5.5456,51,0
Easy,5100,3.699,51,0
Easy,5300,5.561,53,0
Easy,4500,3.2979,45,0
Easy,5300,12.4053,53,0
Easy,5300,3.8517,53,0
Easy,4400,0.8936,44,0
Easy,4500,2.0816,45,0
Easy,5300,27.824,53,0
Easy,4700,5.8632,47,0
Easy,4400,1.07,44,0
Easy,4800,1.3426,48,0
Easy,4400,1.6363,44,0
Easy,4900,8.2934,49,0
Easy,5300,29.9446,53,0
Easy,5000,13.1976,50,0
Easy,5000,1.6301,50,0
Easy,5100,12.3853,51,0
Easy,5400,17.9546,54,0
Easy,5400,25.3915,54,0
Easy,5100,57.8702,51,0
Easy,4700,3.1472,47,0
Easy,5300,65.9815,53,0
Easy,4600,1.7927,46,0
Easy,5400,10.9561,54,0
Easy,4900,3.6051,49,0
Easy,4700,2.3027,47,0
Easy,4800,3.4335,48,0
Easy,5100,3.5256,51,0
Easy,4400,2.5565,44,0
Easy,4800,3.3357,48,0
Easy,4400,1.381,44,0
Easy,4800,4.2623,48,0
Easy,4400,1.1855,44,0
Easy,4600,1.2219,46,0
Easy,5100,5.3894,51,0
Easy,5000,2.8649,50,0
Easy,5400,17.924,54,0
Easy,5200,3.1949,52,0
Easy,4800,9.3037,48,0
Easy,5100,3.3334,51,0
Easy,5300,20.5084,53,0
Easy,5200,17.1931,52,0
Easy,5000,6.8861,50,0
Easy,5400,28.8633,54,0
Easy,4800,1.5938,48,0
Easy,4700,2.3226,47,0
Easy,4700,1.3811,47,0
Easy,5200,4.4314,52,0
Easy,4500,2.485,45,0
Easy,4600,1.5208,46,0
Easy,5100,3.7952,51,0
Easy,4900,6.2645,49,0
Easy,4400,1.636,44,0
Easy,5000,8.5652,50,0
Easy,4800,2.2381,48,0
Easy,5300,14.2277,53,0
Easy,5100,4.7539,51,0
Easy,4900,3.6916,49,0
Easy,4600,1.2146,46,0
Easy,4500,2.6564,45,0
Easy,5000,4.3892,50,0
Easy,5400,21.6313,54,0
Easy,5000,4.166,50,0
Easy,5000,6.5598,50,0
Easy,4700,4.8498,47,0
Easy,5200,14.8755,52,0
Easy,4600,1.7333,46,0
Easy,5100,65.4734,51,0
Easy,4500,2.9201,45,0
Easy,4400,0.9154,44,0
Easy,4400,1.0243,44,0
Easy,4700,1.4084,47,0
Easy,4900,2.7175,49,0
Easy,4900,4.1812,49,0
Easy,5100,7.9159,51,0
Easy,4600,1.5181,46,0
Easy,5100,3.3054,51,0
Easy,5400,15.5624,54,0
Easy,5100,6.1765,51,0
Easy,4400,2.6105,44,0
Easy,5100,15.0585,51,0
Easy,4600,1.1733,46,0
Easy,4400,1.2323,44,0
Easy,4800,4.1519,48,0
Easy,5200,8.802,52,0
Easy,4400,1.2013,44,0
Easy,5100,4.7327,51,0
Easy,4700,2.0577,47,0
Easy,5100,2.8703,51,0
Easy,4700,2.4488,47,0
Easy,4400,0.8256,44,0
Easy,4900,2.7682,49,0
Easy,4600,1.8053,46,0
Easy,5200,34.7192,52,0
Easy,5100,11.5221,51,0
Easy,4600,4.4627,46,0
Easy,5100,7.0762,51,0
Easy,5100,7.6459,51,0
Easy,5300,4.0575,53,0
Easy,4900,2.5144,49,0
Easy,5400,8.9013,54,0
Easy,5400,16.2684,54,0
Easy,4400,1.597,44,0
Easy,5300,9.3529,53,0
Easy,4500,1.3337,45,0
Easy,4900,4.3168,49,0
Easy,4500,1.21,45,0
Easy,4500,1.3778,45,0
Easy,4500,1.5671,45,0
Easy,5000,7.2059,50,0
Easy,4900,1.492,49,0
Easy,4500,1.2525,45,0
Easy,5000,5.3817,50,0
Easy,4900,11.31,49,0
Easy,5300,7.354,53,0
Easy,4400,1.5639,44,0
Easy,4800,6.0547,48,0
Easy,5000,4.555,50,0
Easy,5300,41.2964,53,0
Easy,5300,83.4893,53,0
Easy,5100,234.9393,51,0
Easy,5300,30.5086,53,0
Easy,4700,14.366,47,0
Easy,5300,67.0612,53,0
Easy,4500,1.6261,45,0
Easy,5300,31.9592,53,0
Easy,5300,25.0648,53,0
Easy,4900,2.7909,49,0
Easy,4900,13.3609,49,0
Easy,5200,12.9008,52,0
Easy,5000,9.0799,50,0
Easy,5300,14.9507,53,0
Easy,5300,5.2736,53,0
Easy,4900,6.2753,49,0
Easy,4600,1.8207,46,0
Easy,4400,0.911,44,0
Easy,4900,8.4607,49,0
Easy,4600,2.1109,46,0
Easy,4900,2.4094,49,0
Easy,4600,2.7695,46,0
Easy,5400,14.1673,54,0
Easy,4800,2.4441,48,0
Easy,4800,1.8507,48,0
Easy,5000,3.6088,50,0
Easy,5200,61.9792,52,0
Easy,4700,9.337,47,0
Easy,4800,2.1647,48,0
Easy,4900,6.5085,49,0
Easy,5100,4.79,51,0
Easy,5000,2.3804,50,0
Easy,5100,14.8123,51,0
Easy,5000,6.1807,50,0
Easy,5300,24.8566,53,0
Easy,5400,10.5177,54,0
Easy,5300,6.7319,53,0
Easy,5200,6.1005,52,0
Easy,4500,1.3741,45,0
Easy,5100,6.0533,51,0
Easy,4600,2.4541,46,0
Easy,4500,1.6972,45,0
Easy,5300,2.5794,53,0
Easy,5100,3.7888,51,0
Easy,4500,1.5079,45,0
Easy,4500,4.8542,45,0
Easy,4400,3.0424,44,0
Easy,4400,1.0096,44,0
Easy,4600,1.212,46,0
Easy,5300,5.604,53,0
Easy,4600,1.8954,46,0
Easy,4600,3.3668,46,0
Easy,5000,1.185,50,0
Easy,5100,5.6824,51,0
Easy,4600,3.8457,46,0
Easy,4600,7.6315,46,0
Easy,4800,3.4541,48,0
Easy,5450,5.6262,51,0
Easy,4600,6.2566,46,0
Easy,4600,1.5782,46,0
Easy,4500,1.1794,45,0
Easy,4600,2.4786,46,0
Easy,5300,6.7961,53,0
Easy,4800,4.0623,48,0
Easy,4900,2.0309,49,0
Easy,4700,3.1821,47,0
Easy,5000,5.6157,50,0
Easy,4500,1.3092,45,0
Easy,4900,4.3818,49,0
Easy,4800,2.5137,48,0
Easy,4500,3.3849,45,0
Easy,4900,3.4092,49,0
Easy,5200,10.6635,52,0
Easy,4900,11.9179,49,0
Easy,4800,10.064,48,0
Easy,4500,2.1869,45,0
Easy,4700,3.0231,47,0
Easy,4700,6.5322,47,0
Easy,5100,2.1171,51,0
Easy,4600,0.9902,46,0
Easy,5000,8.8049,50,0
Easy,4500,1.5181,45,0
Easy,4900,4.0563,49,0
Easy,5200,46.6702,52,0
Easy,4700,2.4315,47,0
Easy,4400,1.8836,44,0
Easy,4900,16.8692,49,0
Easy,4700,2.291,47,0
Easy,5000,2.9307,50,0
Easy,4700,6.3142,47,0
Easy,4300,0.7445,43,0
Easy,5300,18.1538,53,0
Easy,5000,10.5205,50,0
Easy,5200,5.9067,52,0
Easy,4800,2.8332,48,0
Easy,4900,2.2451,49,0
Easy,5200,3.5644,52,0
Easy,5250,2.2661,49,0
Easy,5000,2.4118,50,0
Easy,4700,2.0053,47,0
Easy,4900,13.8703,49,0
Easy,5200,5.6136,52,0
Easy,5400,20.1284,54,0
Easy,4400,1.2654,44,0
Easy,4500,1.0613,45,0
Easy,5200,41.4357,52,0
Easy,4900,11.7577,49,0
Easy,4900,2.6841,49,0
Easy,4900,2.4108,49,0
Easy,5300,4.8495,53,0
Easy,4400,2.7347,44,0
Easy,4400,1.1165,44,0
Easy,5400,14.5059,54,0
Easy,5200,15.4156,52,0
Easy,4600,8.3329,46,0
Easy,4800,13.9728,48,0
Easy,4900,1.9889,49,0
Easy,4800,10.2516,48,0
Easy,5000,3.6814,50,0
Easy,4400,1.194,44,0
Easy,4700,1.9893,47,0
Easy,4500,1.6021,45,0
Easy,5400,48.4651,54,0
Easy,5000,3.8764,50,0
Easy,4500,3.0468,45,0
Easy,4500,1.3303,45,0
Easy,5300,43.0955,53,0
Easy,5200,22.971,52,0
Easy,4500,1.6459,45,0
Easy,4400,1.6543,44,0
Easy,4600,2.2751,46,0
Easy,5000,3.5675,50,0
Easy,5300,10.7278,53,0
Easy,5200,8.8604,52,0
Easy,4700,9.4402,47,0
Easy,4800,3.8961,48,0
Easy,4700,3.067,47,0
Easy,5350,5.0955,50,0
Easy,5000,3.02,50,0
Easy,4700,4.0247,47,0
Easy,4900,7.1587,49,0
Easy,4500,1.8379,45,0
Easy,4600,9.9743,46,0
Easy,5100,6.5947,51,0
Easy,5100,17.936,51,0
Easy,4900,3.5249,49,0
Easy,4800,1.581,48,0
Easy,5000,6.7169,50,0
Easy,5300,11.3794,53,0
Easy,4500,1.7497,45,0
Easy,4900,3.2919,49,0
Easy,5200,291.7197,52,0
Easy,4400,1.3028,44,0
Easy,4600,1.8128,46,0
Easy,4600,1.3147,46,0
Easy,4400,2.4898,44,0
Easy,4600,2.1983,46,0
Easy,4800,2.955,48,0
Easy,5300,35.4656,53,0
Easy,5100,9.0677,51,0
Easy,5200,4.6511,52,0
Easy,5300,40.7062,53,0
Easy,4500,3.7751,45,0
Easy,4400,1.0517,44,0
Easy,4600,1.762,46,0
Easy,5000,4.9163,50,0
Easy,4400,1.0272,44,0
Easy,5000,2.3887,50,0
Easy,5100,2.0404,51,0
Easy,4400,1.5978,44,0
Easy,4900,7.1,49,0
Easy,5000,51.6424,50,0
Easy,5100,12.1646,51,0
Easy,5100,4.1823,51,0
Easy,5400,12.3818,54,0
Easy,4400,1.4974,44,0
Easy,4900,13.2379,49,0
Easy,5200,7.9282,52,0
Easy,4700,2.57,47,0
Easy,4600,8.6406,46,0
Easy,5000,7.3291,50,0
Easy,5100,11.9067,51,0
Easy,5200,26.1074,52,0
Easy,4900,8.3016,49,0
Easy,5200,3.8235,52,0
Easy,4600,3.2602,46,0
Easy,5200,19.9928,52,0
Easy,5100,2.9885,51,0
Easy,5100,4.146,51,0
Easy,5200,10.1207,52,0
Easy,5300,34.4506,53,0
Easy,5200,9.5652,52,0
Easy,5200,7.8947,52,0
Easy,5300,13.9323,53,0
Easy,4400,1.3769,44,0
Easy,5100,5.8237,51,0
Easy,5000,30.5949,50,0
Easy,4500,1.1505,45,0
Easy,5100,3.9699,51,0
Easy,5200,26.1095,52,0
Easy,4900,1.241,49,0
Easy,4400,1.3439,44,0
Easy,4500,2.6582,45,0
Easy,4800,2.6062,48,0
Easy,4400,1.535,44,0
Easy,4800,2.4926,48,0
Easy,5400,12.5698,54,0
Easy,4700,3.7419,47,0
Easy,4500,0.9145,45,0
Easy,4400,1.0731,44,0
Easy,5200,11.7819,52,0
Easy,4700,1.2243,47,0
Easy,5000,4.3596,50,0
Easy,4600,3.0476,46,0
Easy,5400,18.0011,54,0
Easy,4700,2.5736,47,0
Easy,5400,23.2098,54,0
Easy,5300,17.1922,53,0
Easy,5300,18.8566,53,0
Easy,4600,2.0306,46,0
Easy,5200,3.5307,52,0
Easy,5400,41.3641,54,0
Easy,5000,4.1621,50,0
Easy,5200,13.4137,52,0
Easy,5400,29.5544,54,0
Easy,5200,4.6257,52,0
Easy,4900,7.4621,49,0
Easy,4700,2.2955,47,0
Easy,5100,7.0143,51,0
Easy,5300,24.8465,53,0
Easy,5000,3.2083,50,0
Easy,5000,9.3541,50,0
Easy,4900,2.2523,49,0
Easy,5000,4.2487,50,0
Easy,4700,11.1224,47,0
Easy,4400,1.3035,44,0
Easy,5300,10.3139,53,0
Easy,4500,1.498,45,0
Easy,4900,4.7425,49,0
Easy,4700,2.2573,47,0
Easy,5200,8.0399,52,0
Easy,4400,1.4164,44,0
Easy,5400,61.5961,54,0
Easy,4900,2.5115,49,0
Easy,4500,3.1243,45,0
Easy,5400,27.9205,54,0
Easy,5400,9.8445,54,0
Easy,4800,2.7663,48,0
Easy,4500,1.2774,45,0
Easy,5200,6.11,52,0
Easy,4900,8.6373,49,0
Easy,5300,22.6292,53,0
Easy,5200,10.3782,52,0
Easy,4600,1.1445,46,0
Easy,4800,2.6826,48,0
Easy,4600,1.9679,46,0
Easy,4700,1.9782,47,0
Easy,5100,11.1572,51,0
Easy,5450,63.6634,51,0
Easy,4600,10.2464,46,0
Easy,5200,38.565,52,0
Easy,5000,19.682,50,0
Easy,5000,58.3635,50,0
Easy,5200,336.1747,52,0
Easy,4700,11.1757,47,0
Easy,5100,19.2414,51,0
Easy,5100,33.8776,51,0
Easy,4600,8.1073,46,0
Easy,4900,52.5692,49,0
Easy,5000,16.1944,50,0
Easy,4800,6.6047,48,0
Easy,4800,10.4106,48,0
Easy,4400,9.2965,44,0
Easy,5300,30.7851,53,0
Easy,4500,9.5314,45,0
Easy,5100,20.5299,51,0
Easy,4700,21.1944,47,0
Easy,4700,31.6001,47,0
Easy,4600,29.6619,46,0
Easy,5400,87.564,54,0
Easy,4500,7.6535,45,0
Easy,5100,25.2645,51,0
Easy,5100,25.9754,51,0
Easy,4600,13.3431,46,0
Easy,5200,25.5179,52,0
Easy,4900,19.1459,49,0
Easy,4900,16.6605,49,0
Easy,5400,44.3049,54,0
Easy,5200,22.9536,52,0
Easy,5100,18.9747,51,0
Easy,5300,107.4842,53,0
Easy,5100,6.207,51,0
Easy,4800,5.8079,48,0
Easy,5000,9.3647,50,0
Easy,4700,3.5235,47,0
Easy,5400,8.7556,54,0
Easy,4800,1.6798,48,0
Easy,4700,1.4389,47,0
Easy,5300,6.733,53,0
Easy,4700,1.7719,47,0
Easy,5250,4.2828,49,0
Easy,4700,4.5277,47,0
Easy,4400,1.7039,44,0
Easy,5000,2.4606,50,0
Easy,4800,2.0222,48,0
Easy,4700,1.5536,47,0
Easy,4400,0.9023,44,0
Easy,4500,1.4985,45,0
Easy,4400,1.2822,44,0
Easy,5300,5.245,53,0
Easy,4600,1.9609,46,0
Easy,5300,5.8218,53,0
Easy,5400,128.5921,54,0
Easy,5300,4.3572,53,0
Easy,4600,3.9739,46,0
Easy,5000,5.0078,50,0
Easy,5100,12.9755,51,0
Easy,4800,2.1321,48,0
Easy,4600,2.6971,46,0
Easy,4700,2.8652,47,0
Easy,5000,3.2064,50,0
Easy,5400,35.5752,54,0
Easy,5100,18.2299,51,0
Easy,4600,3.746,46,0
Easy,5000,3.3455,50,0
Easy,4600,1.4786,46,0
Easy,5000,8.2199,50,0
Easy,4800,1.752,48,0
Easy,5300,21.0761,53,0
Easy,4700,2.6438,47,0
Easy,5000,14.0793,50,0
Easy,5300,4.3934,53,0
Easy,5300,41.1467,53,0
Medium,5650,17.21,51,0
Medium,5850,141.9426,53,0
Medium,6850,10.5327,57,0
Medium,5450,15.5155,51,0
Medium,5700,65.8053,57,0
Medium,5500,40.03,55,0
Medium,5750,17.6279,52,0
Medium,5400,20.8855,54,0
Medium,6750,38.0864,54,0
Medium,5600,27.1963,56,0
Medium,5600,98.3046,56,0
Medium,6150,85.7682,58,0
Medium,5500,11.2409,55,0
Medium,6050,6.7993,49,0
Medium,5400,19.2928,54,0
Medium,5850,7.6005,51,0
Medium,5400,27.525,54,0
Medium,5600,19.0801,56,0
Medium,6750,63.3236,56,0
Medium,6200,16.848,56,0
Medium,6150,16.5875,56,0
Medium,5800,11.9925,58,0
Medium,6150,46.4661,56,0
Medium,6550,115.5354,56,0
Medium,6250,131.5486,57,0
Medium,6750,125.7301,58,0
Medium,5400,801.6887,54,0
Medium,6150,218.5232,58,0
Medium,6650,9.7957,53,0
Medium,5700,77.4958,57,0
Medium,5600,20.406,56,0
Medium,5900,97.3107,59,0
Medium,5800,120.2379,58,0
Medium,5800,583.0024,58,0
Medium,5400,14.016,54,0
Medium,5700,17.8169,57,0
Medium,5700,38.2895,57,0
Medium,6150,16.2226,54,0
Medium,5600,16.2317,56,0
Medium,6850,32.9341,57,0
Medium,5400,13.483,54,0
Medium,5700,127.8474,57,0
Medium,6750,57.1724,54,0
Medium,5500,12.3346,55,0
Medium,5400,6.6245,54,0
Medium,5400,41.2166,54,0
Medium,6650,40.0331,55,0
Medium,5400,22.3801,54,0
Medium,5400,62.5734,54,0
Medium,6150,5.6324,52,0
Medium,6250,65.4474,55,0
Medium,5500,10.8917,55,0
Medium,5700,45.8922,57,0
Medium,5500,15.0766,55,0
Medium,5500,79.311,55,0
Medium,5600,19.9865,56,0
Medium,5600,17.5606,56,0
Medium,5850,15.5858,55,0
Medium,5600,23.4745,56,0
Medium,5400,8.3361,54,0
Medium,6450,23.4891,53,0
Medium,5950,38.5517,54,0
Medium,6650,7.2852,54,0
Medium,6750,28.8731,56,0
Medium,5400,6.7798,54,0
Medium,5400,5.5935,54,0
Medium,5850,8.69,53,0
Medium,6850,120.955,57,0
Medium,5500,24.9046,55,0
Medium,6450,53.2866,57,0
Medium,6650,22.582,57,0
Medium,5500,7.9401,55,0
Medium,6300,87.2473,57,0
Medium,6550,267.6565,58,0
Medium,6750,9.4806,52,0
Medium,5700,20.1504,57,0
Medium,6750,14.2093,52,0
Medium,5500,50.232,55,0
Medium,5500,12.7241,55,0
Medium,6450,69.1197,55,0
Medium,6700,9.5619,52,0
Medium,5400,28.6799,54,0
Medium,5950,44.627,56,0
Medium,6750,24.8651,56,0
Medium,6850,31.6726,57,0
Medium,5400,22.02,54,0
Medium,5700,27.6479,57,0
Medium,6250,25.8862,57,0
Medium,6200,22.5863,56,0
Medium,6400,12.9906,51,0
Medium,5500,92.0549,55,0
Medium,5500,16.9593,55,0
Medium,5500,64.8116,55,0
Medium,5500,129.3085,55,0
Medium,6150,36.3183,56,0
Medium,6050,67.7425,57,0
Medium,6150,18.7849,54,0
Medium,6750,50.0221,56,0
Medium,5400,8.2119,54,0
Medium,5650,9.7503,51,0
Medium,5500,41.3711,55,0
Medium,6800,14.3563,49,0
Medium,5750,19.459,54,0
Medium,5500,8.9792,55,0
Medium,6250,7.2732,53,0
Medium,5500,19.1813,55,0
Medium,5400,11.1407,54,0
Medium,5750,14.3367,52,0
Medium,5600,34.1167,56,0
Medium,5600,21.9834,56,0
Medium,5500,35.6925,55,0
Medium,5700,120.9353,57,0
Medium,5700,11.7778,57,0
Medium,6450,78.6792,57,0
Medium,5500,14.1876,55,0
Medium,6350,68.7509,56,0
Medium,6150,2220.6556,58,0
Medium,6350,53.3763,56,0
Medium,5400,5.4444,54,0
Medium,5400,195.726,54,0
Medium,5800,7606.1421,58,0
Medium,6050,83.8466,55,0
Medium,5600,142.5232,56,0
Medium,5400,121.9577,54,0
Medium,5600,5.1051,56,0
Medium,6050,64.905,55,0
Medium,5500,12.4018,55,0
Medium,5600,32.2371,56,0
Medium,6150,47.401,56,0
Medium,6850,8.3268,53,0
Medium,5850,9.823,53,0
Medium,5850,16.8345,55,0
Medium,5600,219.308,56,0
Medium,5600,79.5765,56,0
Medium,5700,555.7201,57,0
Medium,5400,107.1359,54,0
Medium,5900,529.4173,59,0
Medium,6650,79.1607,57,0
Medium,6450,65.8992,57,0
Medium,6050,25.6255,55,0
Medium,6700,9.2226,52,0
Medium,5850,19.5665,55,0
Medium,5600,24.6352,56,0
Medium,6650,109.848,57,0
Medium,6250,63.513,55,0
Medium,6150,100.5047,54,0
Medium,6850,21.9257,53,0
Medium,5750,9.6665,54,0
Medium,5700,23.7149,57,0
Medium,5700,41.8794,57,0
Medium,6050,50.1781,55,0
Medium,6250,118.9678,57,0
Medium,6800,7.9511,51,0
Medium,6450,37.2879,57,0
Medium,6850,65.9944,57,0
Medium,5700,158.5245,57,0
Medium,6150,72.6347,58,0
Medium,5700,26.4251,57,0
Medium,5850,48.7144,55,0
Medium,5400,29.7263,54,0
Medium,6850,56.3978,53,0
Medium,5600,215.1275,56,0
Medium,5700,20.1065,57,0
Medium,5400,30.388,54,0
Medium,5500,49.7389,55,0
Medium,6050,82.9595,57,0
Medium,5600,53.0549,56,0
Medium,5500,13.1279,55,0
Medium,5600,27.0044,56,0
Medium,6550,10.2896,54,0
Medium,6050,202.6871,57,0
Medium,6350,90.4877,54,0
Medium,5400,26.0887,54,0
Medium,5700,105.743,57,0
Medium,5600,827.8312,56,0
Medium,6850,208.7452,55,0
Medium,5500,51.4923,55,0
Medium,5850,117.3879,53,0
Medium,5600,109.899,56,0
Medium,5600,155.858,56,0
Medium,5850,81.8896,55,0
Medium,5500,31.7267,55,0
Medium,5700,43.274,57,0
Medium,6350,160.9693,56,0
Medium,5600,449.2721,56,0
Medium,5400,101.399,54,0
Medium,6150,21.3733,56,0
Medium,5600,23.8554,56,0
Medium,5350,4.1983,50,0
Medium,5600,320.3628,56,0
Medium,5750,15.7158,54,0
Medium,6150,495.3151,58,0
Medium,5550,2.5514,46,0
Medium,5500,5.6456,55,0
Medium,5950,33.1594,52,0
Medium,5700,27.3366,57,0
Medium,5500,19.5257,55,0
Medium,5600,16.9009,56,0
Medium,5900,20.301,59,0
Medium,6050,56.0122,55,0
Medium,5400,35.462,54,0
Medium,6750,90.8797,56,0
Medium,5500,15.8612,55,0
Medium,5700,25.154,57,0
Medium,5400,29.8566,54,0
Medium,5400,16.0927,54,0
Medium,5400,15.6804,54,0
Medium,5800,31.775,58,0
Medium,5500,32.2956,55,0
Medium,5400,24.8966,54,0
Medium,6750,15.0814,54,0
Medium,5950,66.1623,54,0
Medium,5600,19.448,56,0
Medium,5500,300.1477,55,0
Medium,5600,9.5856,56,0
Medium,5700,63.7043,57,0
Medium,5600,9.2847,56,0
Medium,5600,41.8429,56,0
Medium,6050,22.282,53,0
Medium,5600,34.7349,56,0
Medium,6500,35.448,54,0
Medium,5600,27.1825,56,0
Medium,5500,18.55,55,0
Medium,6450,64.777,57,0
Medium,5600,204.0115,56,0
Medium,5800,562.3958,58,0
Medium,6850,80.2531,53,0
Medium,5400,6.845,54,0
Medium,5500,66.6705,55,0
Medium,6050,254.2723,57,0
Medium,6050,26.9106,55,0
Medium,5400,6.9214,54,0
Medium,5500,160.6435,55,0
Medium,5400,10.2673,54,0
Medium,6150,7.2899,52,0
Medium,6550,43.0505,56,0
Medium,6450,10.1531,55,0
Medium,5600,15.7097,56,0
Medium,5450,9.0452,51,0
Medium,5500,19.5625,55,0
Medium,5400,16.605,54,0
Medium,5700,87.2904,57,0
Medium,6150,23.8054,54,0
Medium,5500,214.3453,55,0
Medium,6650,64.8277,53,0
Medium,6200,13.2917,56,0
Medium,5600,59.9559,56,0
Medium,5500,19.2353,55,0
Medium,5600,151.4548,56,0
Medium,6050,24.4989,55,0
Medium,5500,119.497,55,0
Medium,5800,92.1504,58,0
Medium,6050,16.568,57,0
Medium,5700,431.2909,57,0
Medium,6650,19.9784,55,0
Medium,6050,35.6407,55,0
Medium,5500,13.4786,55,0
Medium,6850,25.8226,57,0
Medium,5800,37.5695,58,0
Medium,5950,23.428,54,0
Medium,5600,213.3058,56,0
Medium,5950,40.6429,56,0
Medium,5400,26.9626,54,0
Medium,6300,31.7317,57,0
Medium,5500,745.1013,55,0
Medium,5950,117.8593,56,0
Medium,6650,32.5828,57,0
Medium,5700,686.0567,57,0
Medium,6350,35.0154,54,0
Medium,5400,11.2214,54,0
Medium,5550,9.9293,52,0
Medium,5500,18.9762,55,0
Medium,5400,10.0349,54,0
Medium,6350,238.4871,56,0
Medium,6750,35.1537,56,0
Medium,5850,227.4745,55,0
Medium,5700,76.492,57,0
Medium,5600,272.0431,56,0
Medium,5600,200.3509,56,0
Medium,5950,11.5898,52,0
Medium,6650,54.5739,55,0
Medium,5950,29.2365,56,0
Medium,6700,13.5991,52,0
Medium,5500,53.0487,55,0
Medium,6750,55.1545,58,0
Medium,6050,26.8279,55,0
Medium,5850,5.7799,53,0
Medium,5600,15.8301,56,0
Medium,5400,6.7459,54,0
Medium,5950,13.9882,56,0
Medium,5750,81.6412,54,0
Medium,5850,7.8793,51,0
Medium,5400,36.0357,54,0
Medium,5500,13.3861,55,0
Medium,5400,14.7138,54,0
Medium,6450,155.3792,55,0
Medium,5950,57.6089,54,0
Medium,6450,57.9414,55,0
Medium,5500,9.8431,55,0
Medium,5650,11.3061,53,0
Medium,5500,69.9152,55,0
Medium,6850,86.8724,57,0
Medium,5600,180.4036,56,0
Medium,5550,5.2685,46,0
Medium,5450,8.6307,51,0
Medium,6350,338.2971,56,0
Medium,6050,34.9487,57,0
Medium,5700,65.9118,57,0
Medium,6050,16.8028,57,0
Medium,6350,40.4663,56,0
Medium,6050,19.5218,55,0
Medium,6150,87.7573,56,0
Medium,5600,225.6025,56,0
Medium,6050,64.7768,57,0
Medium,5500,20.9139,55,0
Medium,5600,65.1584,56,0
Medium,5500,36.1539,55,0
Medium,5600,22.4347,56,0
Medium,5400,9.2276,54,0
Medium,6850,24.1238,55,0
Medium,6750,23.142,56,0
Medium,5500,117.7418,55,0
Medium,5400,47.9899,54,0
Medium,5400,13.3403,54,0
Medium,5400,17.862,54,0
Medium,5700,73.5351,57,0
Medium,5600,35.9255,56,0
Medium,6250,8.7491,53,0
Medium,5600,72.1219,56,0
Medium,5500,11.298,55,0
Medium,5700,243.2566,57,0
Medium,5950,187.3252,56,0
Medium,5700,80.2602,57,0
Medium,6550,36.3902,56,0
Medium,6150,34.537,56,0
Medium,5500,42.8186,55,0
Medium,6650,52.815,54,0
Medium,5750,162.4448,54,0
Medium,5450,5.5998,51,0
Medium,6050,56.5081,57,0
Medium,5550,20.8928,50,0
Medium,5400,11.8105,54,0
Medium,6050,14.5944,57,0
Medium,6050,30.6588,55,0
Medium,6850,40.8099,56,0
Medium,5500,65.7864,55,0
Medium,5600,67.2439,56,0
Medium,6800,42.8763,55,0
Medium,5400,23.8124,54,0
Medium,6050,309.7198,57,0
Medium,5500,10.4561,55,0
Medium,5750,19.4541,54,0
Medium,6450,60.3759,57,0
Medium,5750,5.6422,54,0
Medium,5600,32.0063,56,0
Medium,6250,15.7819,55,0
Medium,6650,39.6464,57,0
Medium,5400,128.0323,54,0
Medium,5500,67.2414,55,0
Medium,5400,11.1656,54,0
Medium,6150,16.025,54,0
Medium,5600,13.3177,56,0
Medium,6250,10.5084,55,0
Medium,5500,14.7744,55,0
Medium,6700,231.6729,54,0
Medium,6050,7.9009,53,0
Medium,6650,27.3194,55,0
Medium,5400,9.1679,54,0
Medium,6350,247.4021,56,0
Medium,5650,9.0306,53,0
Medium,5500,37.6498,55,0
Medium,5600,329.1446,56,0
Medium,5400,35.8515,54,0
Medium,6650,22.7268,57,0
Medium,5600,39.1472,56,0
Medium,5500,24.7104,55,0
Medium,5400,19.343,54,0
Medium,5400,72.1028,54,0
Medium,5750,567.5636,54,0
Medium,5650,63.2586,53,0
Medium,6150,36.3769,56,0
Medium,5600,16.2122,56,0
Medium,5900,296.2979,59,0
Medium,5600,311.0253,56,0
Medium,5400,15.239,54,0
Medium,5600,10.5634,56,0
Medium,5700,56.9188,57,0
Medium,5400,22.1629,54,0
Medium,5750,76.2615,54,0
Medium,5400,13.6711,54,0
Medium,5700,37.366,57,0
Medium,5400,24.5372,54,0
Medium,5900,280.8574,59,0
Medium,5400,36.6673,54,0
Medium,5850,25.9414,53,0
Medium,5500,9.283,55,0
Medium,6850,10.597,53,0
Medium,6050,29.5651,55,0
Medium,5600,39.4646,56,0
Medium,5600,118.9408,56,0
Medium,6150,33.5617,54,0
Medium,5700,39.8487,57,0
Medium,5600,71.9326,56,0
Medium,5800,36.3734,58,0
Medium,5400,45.4221,54,0
Medium,5700,36.2009,57,0
Medium,5700,209.4661,57,0
Medium,5500,32.853,55,0
Medium,6850,28.8872,57,0
Medium,5400,7.0176,54,0
Medium,5600,176.1995,56,0
Medium,6850,38.3755,57,0
Medium,5400,18.2344,54,0
Medium,5700,18.6096,57,0
Medium,6850,67.7196,57,0
Medium,6350,18.5026,56,0
Medium,5500,15.2609,55,0
Medium,5600,40.1939,56,0
Medium,5600,20.438,56,0
Medium,5400,7.868,54,0
Medium,5500,45.9661,55,0
Medium,5400,12.0445,54,0
Medium,6550,93.6587,56,0
Medium,6850,23.6887,55,0
Medium,6650,19.8361,57,0
Medium,5400,20.1437,54,0
Medium,5450,23.6306,51,0
Medium,5950,9.638,52,0
Medium,5700,31.4062,57,0
Medium,5650,27.617,51,0
Medium,6150,25.4112,56,0
Medium,5600,18.4461,56,0
Medium,6450,113.0774,59,0
Medium,5400,35.1212,54,0
Medium,6250,66.215,55,0
Medium,5400,22.3306,54,0
Medium,5950,51.3831,56,0
Medium,5500,10.5262,55,0
Medium,6850,169.3299,56,0
Medium,5500,24.3867,55,0
Medium,5600,235.0673,56,0
Medium,5600,15.2322,56,0
Medium,6150,185.3,58,0
Medium,5400,9.3994,54,0
Medium,5750,8.2587,54,0
Medium,5600,101.9067,56,0
Medium,6650,49.7612,54,0
Medium,6150,13.3186,54,0
Medium,5700,56.8388,57,0
Medium,5700,113.0998,57,0
Medium,5400,33.8993,54,0
Medium,5600,143.4811,56,0
Medium,5400,27.4874,54,0
Medium,6250,52.1014,57,0
Medium,5400,27.0116,54,0
Medium,5400,18.6359,54,0
Medium,5500,37.465,55,0
Medium,5400,35.179,54,0
Medium,5800,82.8076,58,0
Medium,6300,336.0196,57,0
Medium,5600,23.9981,56,0
Medium,6800,46.5586,55,0
Medium,5700,13.102,57,0
Medium,5800,4769.9066,58,0
Medium,5500,19.5857,55,0
Medium,5400,14.391,54,0
Medium,5500,39.751,55,0
Medium,6450,26.648,55,0
Medium,5400,26.7008,54,0
Medium,5500,34.3331,55,0
Medium,5600,37.7503,56,0
Medium,6050,46.7227,57,0
Medium,6600,3.5209,50,0
Medium,6350,99.0816,54,0
Medium,6350,25.214,58,0
Medium,5500,25.7787,55,0
Medium,5600,4.5932,56,0
Medium,5400,48.1701,54,0
Medium,5600,197.75,56,0
Medium,5400,79.5345,54,0
Medium,5400,5.4713,54,0
Medium,6850,41.7501,55,0
Medium,5750,37.5182,54,0
Medium,5950,42.358,56,0
Medium,5400,22.5841,54,0
Medium,6800,20.3574,53,0
Medium,5400,22.6285,54,0
Medium,6850,5.2356,52,0
Medium,5700,66.4002,57,0
Medium,5400,7.9202,54,0
Medium,5500,25.9285,55,0
Medium,5500,66.9161,55,0
Medium,6850,186.0014,54,0
Medium,5600,52.5501,56,0
Medium,6050,39.5597,55,0
Medium,5400,23.4883,54,0
Medium,6050,32.7495,55,0
Medium,6350,68.9809,56,0
Medium,6300,2.841,47,0
Medium,5400,63.1204,54,0
